name,Pres01,Pres02,Pres03,Pres04,Pres05,Pres06,Pres07,Deg01,Deg02,Deg03,Deg04,Deg05,Deg06,Deg07
Abiotrophia,0.0,0.0,0.0,0.0,0.0,0.0,0.0,0.0,0.0029,0.0,0.0,0.0,0.00112,0.0
Abyssalbus,0.0,0.00132,0.0,0.00075,0.0,0.00097,0.0,0.0,0.0,0.00185,0.00182,0.0013,0.0,0.0
Abyssibius,0.00834,0.00927,0.00148,0.0075,0.00421,0.00581,0.01207,0.00249,0.0029,0.00185,0.00969,0.02297,0.00782,0.01669
Abyssicoccus,0.0,0.0,0.0,0.00075,0.0,0.0,0.0,0.00124,0.0,0.00185,0.00061,0.0,0.0,0.0
Acadianvirus,0.0,0.0,0.00148,0.0,0.0014,0.0,0.0,0.0,0.0,0.0,0.0,0.0,0.0,0.0
Acaryochloris,0.00209,0.00265,0.0,0.00075,0.0014,0.00097,0.00402,0.00124,0.0,0.0,0.00182,0.0013,0.00223,0.0
Acetivibrio,0.0,0.0,0.0,0.0,0.0,0.00194,0.0,0.00249,0.0,0.00185,0.00303,0.00217,0.00223,0.00119
Acetoanaerobium,0.0,0.0,0.0,0.0,0.0,0.0,0.0,0.0,0.0,0.0,0.0,0.00043,0.0,0.0
Acetobacter,0.02919,0.01854,0.02966,0.04424,0.02807,0.0426,0.02011,0.04974,0.01158,0.01854,0.03149,0.01474,0.02569,0.02146
Acetobacterium,0.00209,0.00132,0.0,0.0015,0.0014,0.00097,0.0,0.0,0.0,0.0,0.00061,0.0026,0.00894,0.00238
Acetobacteroides,0.00417,0.00265,0.00741,0.00225,0.00421,0.00484,0.0,0.00373,0.0,0.00371,0.00969,0.00954,0.00223,0.00477
Acetohalobium,0.0,0.0,0.0,0.0,0.0014,0.0,0.0,0.0,0.0,0.0,0.0,0.0,0.0,0.00119
Acetomicrobium,0.0,0.00132,0.0,0.0,0.0,0.0,0.00402,0.0,0.0029,0.0,0.0,0.0,0.0,0.00119
Acholeplasma,0.0,0.0,0.0,0.0,0.00421,0.0,0.0,0.0,0.0,0.00185,0.00061,0.0,0.0,0.0
Achromobacter,0.30236,0.29672,0.25356,0.47844,0.28065,0.26624,0.18098,0.29098,0.57626,0.43199,0.4045,0.26092,0.30273,0.37917
Acidaminococcus,0.00209,0.00132,0.00148,0.00225,0.0014,0.0,0.00402,0.00124,0.0,0.00185,0.00121,0.00217,0.00559,0.00119
Acidianus,0.0,0.0,0.0,0.0,0.0,0.0,0.0,0.00124,0.0,0.0,0.0,0.00087,0.00112,0.0
Acidibrevibacterium,0.02294,0.03179,0.02521,0.03375,0.0449,0.03388,0.01609,0.01741,0.01737,0.00742,0.01211,0.00867,0.02122,0.02027
Acididesulfobacillus,0.00209,0.00265,0.00148,0.0015,0.0014,0.00097,0.00402,0.00124,0.0,0.0,0.0,0.00043,0.00112,0.00358
Acidiferrobacter,0.02294,0.0106,0.01631,0.021,0.01965,0.02227,0.01609,0.00622,0.01158,0.01112,0.00969,0.0065,0.02904,0.01192
Acidihalobacter,0.03545,0.0159,0.02076,0.05399,0.03789,0.03098,0.01207,0.02238,0.04054,0.04079,0.02301,0.0156,0.04692,0.02742
Acidilobus,0.0,0.0,0.0,0.0,0.0,0.0,0.00402,0.0,0.0,0.0,0.00061,0.0,0.0,0.0
Acidilutibacter,0.0,0.0,0.00445,0.0,0.0,0.0,0.0,0.0,0.0,0.0,0.00061,0.0,0.0,0.0
Acidimicrobium,0.01043,0.01192,0.01483,0.012,0.01824,0.01452,0.01609,0.02363,0.00579,0.00556,0.00242,0.0039,0.0067,0.00596
Acidiphilium,0.04588,0.02914,0.02669,0.05399,0.05613,0.05518,0.04022,0.02736,0.02606,0.04264,0.02059,0.013,0.02569,0.03577
Acidiplasma,0.0,0.0,0.0,0.0,0.0,0.0,0.0,0.0,0.0,0.0,0.0,0.00087,0.0,0.0
Acidipropionibacterium,0.02502,0.01457,0.02521,0.0195,0.01965,0.04066,0.02413,0.02114,0.02317,0.02781,0.03633,0.03814,0.03016,0.02146
Acidisarcina,0.02085,0.02517,0.0089,0.01575,0.04771,0.03679,0.0,0.03233,0.00579,0.00185,0.00484,0.00173,0.03575,0.04054
Acidisoma,0.01043,0.02517,0.01631,0.02175,0.02105,0.01936,0.00804,0.01617,0.00869,0.00556,0.01029,0.00563,0.0134,0.02027
Acidithiobacillus,0.02502,0.01722,0.03262,0.02325,0.03087,0.03873,0.02413,0.02114,0.04633,0.01854,0.02362,0.01647,0.06144,0.03458
Acidobacterium,0.04379,0.02252,0.02521,0.0225,0.03789,0.04937,0.00804,0.0199,0.01737,0.01854,0.00908,0.00303,0.0458,0.03458
Acidocella,0.00834,0.00397,0.00445,0.02025,0.01123,0.00387,0.00402,0.00746,0.00579,0.01112,0.00303,0.00737,0.01452,0.01431
Acidothermus,0.00834,0.01192,0.01928,0.00825,0.01684,0.02711,0.00402,0.01741,0.01158,0.01112,0.00424,0.00607,0.01229,0.01073
Acidovorax,0.41496,0.9683,0.23577,0.89763,0.39151,0.32916,0.19707,0.3171,0.50966,0.66931,1.35458,2.87968,0.41108,0.76311
Acinetobacter,0.0146,0.03974,0.043,0.05699,0.03929,0.04066,0.13272,0.03357,0.03185,0.08343,0.07811,2.01543,0.24017,0.06796
Actibacterium,0.00626,0.00397,0.01779,0.0045,0.00421,0.00871,0.01207,0.01119,0.01158,0.00927,0.01877,0.06458,0.00335,0.03219
Actimicrobium,0.00626,0.01325,0.01186,0.02025,0.00702,0.01065,0.01207,0.00373,0.02606,0.01298,0.01574,0.01214,0.01899,0.02146
Actinacidiphila,0.00209,0.01854,0.01928,0.01425,0.03508,0.04066,0.02011,0.0087,0.01737,0.01112,0.00606,0.00824,0.01005,0.00954
Actinoalloteichus,0.02502,0.01325,0.03559,0.0225,0.02947,0.03582,0.01609,0.02487,0.01448,0.02039,0.02059,0.01994,0.03128,0.0155
Actinobacillus,0.0,0.0,0.00297,0.0045,0.0014,0.00387,0.00402,0.00249,0.0,0.00927,0.01877,0.00173,0.02458,0.00238
Actinobaculum,0.00209,0.00265,0.0,0.00075,0.0014,0.00097,0.0,0.00249,0.0,0.0,0.00061,0.0026,0.00112,0.0
Actinocatenispora,0.04796,0.02649,0.06228,0.04424,0.05613,0.1123,0.04826,0.03482,0.02027,0.05006,0.03391,0.02167,0.0391,0.04173
Actinokineospora,0.00834,0.02384,0.03262,0.012,0.01824,0.03679,0.01207,0.0286,0.02317,0.01669,0.00908,0.0195,0.01676,0.01312
Actinomadura,0.26066,0.22121,0.28321,0.27071,0.46307,0.82097,0.2574,0.31337,0.15348,0.13535,0.12413,0.10966,0.30049,0.15739
Actinomarinicola,0.11469,0.13379,0.19425,0.17248,0.11507,0.07261,0.04424,0.14425,0.15637,0.17243,0.09991,0.05201,0.03798,0.1097
Actinomyces,0.07715,0.08345,0.11566,0.09749,0.10244,0.12682,0.05631,0.09202,0.13031,0.09456,0.07569,0.11876,0.11618,0.062
Actinoplanes,0.23355,0.21591,0.31139,0.24897,0.31293,0.49278,0.23729,0.41409,0.26352,0.32446,0.64126,0.1647,0.24464,0.17289
Actinopolymorpha,0.02085,0.01987,0.03114,0.02025,0.03368,0.04647,0.02011,0.02984,0.02896,0.01854,0.0224,0.0169,0.01452,0.02742
Actinopolyspora,0.00209,0.00265,0.00741,0.00825,0.02666,0.02227,0.00402,0.00249,0.00579,0.00371,0.00545,0.0078,0.0067,0.01073
Actinosynnema,0.02502,0.03179,0.02224,0.0195,0.03789,0.05325,0.03218,0.02984,0.03185,0.02781,0.02725,0.0169,0.03239,0.02385
Actinotalea,0.01668,0.02119,0.01779,0.02175,0.01123,0.0213,0.00402,0.02487,0.02896,0.01669,0.02483,0.0169,0.02346,0.00954
Actinotignum,0.00209,0.00397,0.00445,0.00375,0.00281,0.00097,0.00402,0.00373,0.0029,0.0,0.00061,0.00303,0.00112,0.00358
Acutalibacter,0.00209,0.0,0.0,0.0,0.0,0.0,0.0,0.00249,0.0,0.00185,0.0,0.00043,0.00223,0.00119
Acuticoccus,0.06464,0.06226,0.07414,0.05999,0.05473,0.04744,0.03218,0.07959,0.04923,0.04635,0.03391,0.02384,0.06032,0.05008
Adhaeretor,0.01043,0.0053,0.01335,0.003,0.00281,0.0029,0.00402,0.00497,0.00579,0.00371,0.00303,0.0013,0.01005,0.00477
Adhaeribacter,0.00209,0.00132,0.00445,0.006,0.0,0.00097,0.0,0.00124,0.00579,0.00556,0.00242,0.00347,0.00112,0.00477
Adlercreutzia,0.01043,0.00132,0.0089,0.0045,0.00421,0.0029,0.0,0.00746,0.00579,0.00556,0.00303,0.00303,0.0067,0.00477
Advenella,0.00417,0.00795,0.00297,0.0165,0.00982,0.00968,0.00804,0.00746,0.01158,0.00927,0.0109,0.0065,0.01564,0.0155
Aegicerativicinus,0.0,0.0,0.0,0.00075,0.0014,0.0,0.0,0.0,0.0,0.0,0.00061,0.00087,0.0,0.0
Aeoliella,0.01043,0.00662,0.01631,0.006,0.00281,0.00194,0.00402,0.00373,0.01737,0.00742,0.00666,0.00087,0.00335,0.00358
Aequoribacter,0.0,0.0,0.00593,0.003,0.0014,0.0,0.00402,0.0,0.00579,0.00371,0.00121,0.0013,0.00223,0.0
Aequorivita,0.0,0.00265,0.00297,0.00525,0.0014,0.0029,0.0,0.0,0.0,0.0,0.00303,0.00433,0.00112,0.00238
Aerococcus,0.0,0.0,0.00148,0.0015,0.00421,0.00194,0.0,0.00124,0.0,0.0,0.00121,0.00087,0.00335,0.00238
Aeromicrobium,0.10635,0.0861,0.15273,0.14023,0.13191,0.152,0.07642,0.15295,0.11294,0.15574,0.11868,0.1517,0.14745,0.11566
Aeromonas,0.1272,0.1616,0.12456,0.13648,0.13191,0.12489,0.0925,0.11565,0.19691,0.17799,0.1756,0.36538,0.41108,0.21701
Aeropyrum,0.0,0.0,0.0,0.0,0.0,0.0,0.0,0.0,0.0,0.0,0.0,0.0,0.00112,0.0
Aerosticca,0.0146,0.0159,0.02372,0.02325,0.01965,0.01452,0.00804,0.0087,0.00869,0.01483,0.01998,0.00693,0.01452,0.01431
Aestuariibaculum,0.0,0.0,0.0,0.0015,0.0,0.0,0.0,0.0,0.0,0.0,0.00242,0.00043,0.0,0.0
Aestuariispira,0.00626,0.0053,0.00297,0.006,0.00702,0.00581,0.00402,0.00249,0.00579,0.00742,0.00484,0.0039,0.0067,0.00715
Afipia,0.28568,0.29009,0.33066,0.19422,0.3466,0.24881,0.18903,0.24497,0.12741,0.17613,0.11808,0.03121,0.18208,0.24563
Afonbuvirus,0.0,0.0,0.0,0.0,0.0,0.0,0.0,0.0,0.0,0.0,0.0,0.00087,0.0,0.0
Agarilytica,0.0,0.0,0.0,0.0,0.0,0.0,0.0,0.0,0.0,0.00185,0.00242,0.00173,0.0067,0.0
Agarivorans,0.0,0.00132,0.00148,0.0015,0.0014,0.00194,0.0,0.00124,0.0,0.00742,0.00484,0.00043,0.01117,0.00358
Agathobacter,0.0,0.00132,0.00297,0.00075,0.0,0.0,0.0,0.0,0.0,0.0,0.00061,0.02514,0.0,0.00119
Agathobaculum,0.0,0.0,0.00297,0.00225,0.0014,0.00194,0.0,0.0,0.00579,0.00371,0.00182,0.0013,0.00447,0.0
Aggregatibacter,0.00417,0.0,0.00148,0.00075,0.00421,0.0,0.0,0.00249,0.0,0.00371,0.00182,0.00173,0.03016,0.00715
Aggregatimonas,0.0,0.0,0.00148,0.0015,0.0,0.0,0.0,0.0,0.0,0.00185,0.0,0.00173,0.00223,0.0
Agreia,0.00209,0.00265,0.00741,0.0015,0.00561,0.00871,0.0,0.00124,0.0029,0.00927,0.00121,0.0052,0.00223,0.00477
Agrobacterium,0.20018,0.25433,0.30842,0.24897,0.26942,0.23622,0.25338,0.25243,0.19981,0.22434,0.2192,0.1504,0.25134,0.28378
Agrococcus,0.05422,0.07285,0.09045,0.08474,0.06876,0.05809,0.01609,0.04352,0.11294,0.08343,0.07327,0.06631,0.06702,0.05008
Agromyces,0.11886,0.10465,0.17942,0.12523,0.12349,0.13747,0.06033,0.14798,0.12741,0.14832,0.13201,0.14346,0.11506,0.10612
Ahniella,0.00626,0.00397,0.00593,0.0105,0.00561,0.00775,0.00804,0.00746,0.00869,0.0,0.00484,0.00347,0.0067,0.00596
Akanthomyces,0.0,0.00132,0.0,0.0045,0.00281,0.0,0.00804,0.00124,0.0029,0.00371,0.00363,0.00173,0.00559,0.00715
Akkermansia,0.01043,0.00795,0.00741,0.0135,0.01263,0.00581,0.0,0.00497,0.01737,0.00556,0.00969,0.00433,0.01117,0.02742
Akonivirus,0.0,0.0,0.0,0.00075,0.0,0.0,0.0,0.0,0.0,0.0,0.0,0.0,0.0,0.0
Alcaligenes,0.01668,0.02252,0.01038,0.03525,0.01263,0.01646,0.02011,0.0087,0.01737,0.00742,0.0218,0.02167,0.03351,0.03219
Alcanivorax,0.00626,0.00795,0.00593,0.0105,0.01403,0.01162,0.00402,0.01119,0.0,0.00742,0.00787,0.00477,0.02458,0.01073
Alexandravirus,0.0,0.0,0.0,0.0,0.0,0.0,0.0,0.0,0.0,0.0,0.0,0.0,0.00112,0.0
Algibacter,0.0,0.00132,0.0,0.0,0.0,0.00097,0.0,0.00124,0.0,0.00185,0.00182,0.00563,0.0,0.00119
Algicella,0.00417,0.00265,0.00593,0.01275,0.00561,0.01065,0.0,0.00622,0.00869,0.00185,0.00727,0.0104,0.00782,0.00835
Algoriphagus,0.0,0.00265,0.00297,0.01275,0.00421,0.00097,0.0,0.00622,0.00579,0.00185,0.00606,0.00303,0.00112,0.00238
Aliamphritea,0.00209,0.00397,0.00148,0.0015,0.00281,0.00194,0.00804,0.00124,0.00579,0.0,0.00545,0.0026,0.00335,0.00358
Aliarcobacter,0.0,0.0,0.0,0.00075,0.0,0.0,0.0,0.0,0.0,0.0,0.01029,0.37665,0.00112,0.0
Alicycliphilus,0.15014,0.14836,0.15273,0.24522,0.12489,0.10359,0.06033,0.17036,0.11004,0.18911,0.30095,0.27176,0.13405,0.23967
Alicyclobacillus,0.02294,0.0106,0.01631,0.02025,0.01403,0.01162,0.01609,0.02114,0.01737,0.00185,0.01151,0.0052,0.01787,0.02027
Alienimonas,0.0146,0.01325,0.01779,0.00675,0.01123,0.00871,0.0,0.00497,0.02027,0.01112,0.00363,0.0026,0.00223,0.01431
Aliiglaciecola,0.00209,0.0,0.00148,0.00075,0.0014,0.0,0.00402,0.00124,0.0,0.00371,0.00061,0.0,0.00782,0.00119
Aliiroseovarius,0.01668,0.0106,0.01928,0.012,0.00421,0.00484,0.01207,0.00622,0.00579,0.00742,0.01817,0.03207,0.0134,0.0155
Aliivibrio,0.0,0.0,0.0,0.00075,0.0,0.00097,0.0,0.0,0.0029,0.0,0.00061,0.00043,0.00559,0.00119
Alistipes,0.03545,0.03047,0.03262,0.03899,0.03648,0.0213,0.02011,0.02736,0.06081,0.05377,0.02543,0.013,0.02458,0.03816
Alkalibacter,0.0,0.0,0.00148,0.00075,0.0014,0.00097,0.0,0.0,0.0,0.0,0.00061,0.0,0.0,0.0
Alkalicella,0.0,0.0,0.0,0.0,0.0,0.0,0.0,0.0,0.0,0.0,0.0,0.00043,0.00112,0.0
Alkaliflexus,0.0,0.0,0.0,0.00075,0.0,0.0,0.0,0.0,0.00869,0.0,0.00061,0.0013,0.0,0.0
Alkalihalobacillus,0.0,0.00132,0.0,0.00075,0.0,0.00097,0.0,0.0,0.0,0.00185,0.00061,0.00043,0.0,0.00238
Alkalihalophilus,0.0,0.0,0.0,0.00075,0.0,0.00194,0.0,0.0,0.0,0.0,0.0,0.0,0.0,0.0
Alkalilimnicola,0.01251,0.01325,0.00445,0.00975,0.00982,0.01259,0.00804,0.02238,0.02027,0.00927,0.0109,0.00563,0.01117,0.01192
Alkalimarinus,0.0,0.00132,0.0,0.0,0.0014,0.0029,0.00804,0.00124,0.0029,0.0,0.00121,0.0013,0.02346,0.00596
Alkaliphilus,0.0,0.00265,0.0,0.0,0.0,0.0,0.0,0.00124,0.0,0.00185,0.00061,0.00043,0.00112,0.00238
Alkalitalea,0.0,0.0,0.0,0.0,0.00281,0.00097,0.0,0.00124,0.0,0.0,0.0,0.00087,0.00223,0.00119
Alloacidobacterium,0.03753,0.03974,0.01335,0.02625,0.04069,0.07261,0.02413,0.04974,0.01158,0.00556,0.00606,0.0013,0.04357,0.04531
Alloactinosynnema,0.00834,0.01325,0.01779,0.01125,0.01824,0.03679,0.00804,0.01492,0.03765,0.01298,0.00908,0.01387,0.01229,0.0155
Alloalcanivorax,0.01877,0.0106,0.00445,0.012,0.00561,0.01065,0.02815,0.00995,0.01448,0.01112,0.01332,0.0078,0.01005,0.00477
Allobacillus,0.0,0.0,0.0,0.0,0.0,0.0,0.0,0.0,0.0,0.0,0.0,0.00043,0.00112,0.0
Allobaculum,0.0,0.0,0.0,0.00075,0.0014,0.0,0.0,0.0,0.0029,0.0,0.00061,0.00173,0.00112,0.0
Allobranchiibius,0.01043,0.00795,0.01038,0.0195,0.01403,0.0242,0.00402,0.01865,0.02027,0.00742,0.01393,0.0195,0.01787,0.00477
Allochromatium,0.02294,0.0159,0.03559,0.036,0.02807,0.0242,0.02413,0.02736,0.05502,0.02039,0.0224,0.01864,0.03686,0.02385
Allocoleopsis,0.00626,0.00397,0.00297,0.00075,0.0,0.00097,0.0,0.0,0.0,0.0,0.0,0.0,0.00335,0.00477
Allocoprobacillus,0.0,0.0,0.0,0.0,0.0,0.0,0.0,0.0,0.0,0.0,0.0,0.00043,0.0,0.0
Allofrancisella,0.0,0.0,0.0,0.0,0.0,0.0,0.0,0.0,0.0,0.0,0.0,0.0,0.0,0.00238
Allokutzneria,0.01668,0.01854,0.01928,0.018,0.02245,0.0455,0.01207,0.01492,0.01448,0.01854,0.01453,0.01387,0.02234,0.01908
Allomeiothermus,0.00626,0.00132,0.0,0.0015,0.0,0.0,0.00402,0.00622,0.00579,0.00371,0.00424,0.00087,0.00223,0.00358
Allomuricauda,0.00417,0.00662,0.00297,0.00675,0.0014,0.00387,0.00402,0.00249,0.00579,0.00742,0.00484,0.0052,0.00223,0.00477
Allorhizobium,0.0146,0.03179,0.00593,0.0195,0.01544,0.01355,0.01609,0.02238,0.02317,0.02225,0.00787,0.02254,0.01452,0.01192
Allosaccharopolyspora,0.00417,0.00662,0.00741,0.0105,0.01544,0.0213,0.0,0.01244,0.00579,0.00371,0.00727,0.01084,0.00447,0.00238
Allosphingosinicella,0.00417,0.0106,0.01038,0.01125,0.00702,0.00484,0.0,0.00995,0.01158,0.01112,0.00545,0.00824,0.00447,0.01312
Alloyangia,0.01668,0.00662,0.01038,0.01275,0.02807,0.01162,0.02011,0.0087,0.02027,0.00742,0.01695,0.02644,0.01229,0.01192
Alphabaculovirus,0.0,0.0,0.0,0.0,0.0,0.0,0.0,0.0,0.0,0.00371,0.0,0.00043,0.0,0.0
Alphaentomopoxvirus,0.0,0.0,0.0,0.00075,0.0,0.0,0.0,0.0,0.0,0.0,0.0,0.0,0.0,0.0
Alteracholeplasma,0.0,0.0,0.0,0.0,0.0,0.0,0.0,0.0,0.0,0.00185,0.00061,0.0,0.0,0.0
Altererythrobacter,0.05213,0.05299,0.04745,0.19947,0.03648,0.04744,0.04826,0.05596,0.07529,0.05006,0.08901,0.17987,0.05697,0.08943
Alteriqipengyuania,0.00626,0.00397,0.01335,0.0195,0.00982,0.00968,0.00804,0.01119,0.0029,0.01112,0.01211,0.02471,0.00447,0.01312
Alteromonas,0.00209,0.00397,0.00445,0.012,0.00421,0.00871,0.00402,0.00622,0.0,0.01112,0.01332,0.00824,0.04692,0.01431
Alysiella,0.0,0.0053,0.00148,0.0015,0.0,0.00194,0.00402,0.00249,0.0,0.00371,0.00242,0.0,0.00894,0.00358
Amedibacterium,0.0,0.0,0.0,0.0,0.0,0.0,0.0,0.0,0.0,0.00371,0.0,0.00043,0.0,0.00238
Aminipila,0.0,0.00132,0.0,0.00075,0.0014,0.00194,0.0,0.0,0.0,0.00185,0.00121,0.00043,0.0,0.0
Aminithiophilus,0.00417,0.00397,0.00297,0.0015,0.00281,0.0029,0.00804,0.00746,0.0029,0.00556,0.00242,0.0013,0.00559,0.00238
Aminobacter,0.15639,0.11524,0.16607,0.10949,0.14033,0.0852,0.09653,0.1144,0.14479,0.08714,0.0551,0.06155,0.08155,0.10851
Aminobacterium,0.0,0.0,0.0,0.00075,0.0,0.0,0.0,0.0,0.0,0.00185,0.00061,0.0,0.00112,0.00119
Aminomonas,0.00209,0.00795,0.00148,0.00225,0.00281,0.00581,0.00402,0.0,0.00579,0.00371,0.00121,0.0013,0.00447,0.00596
Ammonifex,0.0,0.00132,0.00148,0.0,0.0014,0.0,0.0,0.00497,0.0,0.00185,0.00121,0.00043,0.00335,0.00238
Amnibacterium,0.0,0.0,0.00148,0.0,0.0,0.00194,0.0,0.0,0.0,0.0,0.0,0.0,0.0,0.0
Amniculibacterium,0.0,0.0,0.0,0.0,0.0,0.0,0.0,0.00124,0.0,0.0,0.00242,0.0221,0.0,0.0
Amphibacillus,0.0,0.0,0.0,0.0,0.0,0.00097,0.0,0.0,0.0029,0.0,0.0,0.0013,0.0,0.0
Amphritea,0.0,0.00132,0.00148,0.0045,0.0014,0.00387,0.00402,0.00249,0.0029,0.00742,0.00061,0.0013,0.00782,0.00358
Amycolatopsis,0.47127,0.4252,0.61536,0.49268,0.75074,1.21113,0.37806,0.51109,0.46622,0.38935,0.38633,0.30643,0.50045,0.3911
Amygdalobacter,0.0,0.0,0.00148,0.0,0.0,0.0,0.0,0.0,0.0,0.0,0.0,0.00043,0.0,0.00119
Amylibacter,0.00209,0.00132,0.00297,0.00225,0.0,0.0,0.00402,0.00249,0.0029,0.0,0.00303,0.0039,0.0,0.00238
Amylolactobacillus,0.0,0.00132,0.0,0.0,0.0,0.0,0.0,0.0,0.0,0.0,0.0,0.0,0.0,0.00119
Anabaena,0.00209,0.01854,0.02224,0.0075,0.0,0.00194,0.0,0.0,0.0,0.0,0.00061,0.00087,0.00782,0.00119
Anaerobacillus,0.0,0.0,0.00148,0.0015,0.0,0.0,0.0,0.0,0.0,0.0,0.0,0.0,0.00112,0.0
Anaerobutyricum,0.0,0.0,0.0,0.0,0.0,0.00097,0.0,0.0,0.0,0.00371,0.00061,0.00693,0.0,0.0
Anaerococcus,0.0,0.0,0.00297,0.00075,0.0,0.00097,0.00402,0.0,0.0,0.00185,0.00061,0.0,0.00112,0.00119
Anaerocolumna,0.0,0.00265,0.00297,0.00075,0.00421,0.00194,0.00402,0.00373,0.0,0.0,0.0,0.00217,0.00335,0.00238
Anaerohalosphaera,0.00834,0.0,0.0,0.0015,0.0,0.0029,0.0,0.00249,0.0029,0.00556,0.00061,0.0013,0.00112,0.00477
Anaerolinea,0.01668,0.00397,0.01038,0.00975,0.02807,0.02033,0.00804,0.01617,0.04923,0.05377,0.00424,0.00173,0.03016,0.01908
Anaeromicropila,0.0,0.00132,0.0,0.0,0.0,0.0,0.0,0.0,0.0,0.0,0.0,0.0,0.0,0.0
Anaeromusa,0.0,0.00132,0.0,0.00075,0.0,0.00194,0.0,0.0,0.0029,0.00185,0.00061,0.00043,0.00335,0.0
Anaeromyxobacter,1.83084,1.2531,0.24021,0.49718,0.95,0.36886,0.9009,1.52331,4.15255,4.20869,1.14203,0.88029,4.1097,2.45985
Anaeropeptidivorans,0.0,0.0,0.0,0.0,0.0014,0.0,0.00402,0.0,0.0029,0.00371,0.0,0.0,0.0,0.00119
Anaerostipes,0.0,0.0,0.0,0.0015,0.0,0.0,0.0,0.0,0.0,0.00185,0.0,0.02167,0.0,0.00119
Anaerotignum,0.0,0.0,0.0,0.0,0.0,0.0,0.0,0.0,0.0,0.00185,0.0,0.0,0.0,0.0
Anaerotruncus,0.0,0.0,0.0,0.00075,0.00561,0.00387,0.0,0.00124,0.0029,0.00742,0.00121,0.0013,0.0,0.00119
Anaplasma,0.0,0.0,0.0,0.0,0.0,0.0029,0.0,0.00124,0.0,0.00185,0.00242,0.00043,0.00112,0.00477
Anaposvirus,0.0,0.0,0.0,0.0,0.0,0.0,0.0,0.0,0.0,0.0,0.0,0.0,0.00112,0.0
Anatilimnocola,0.02502,0.0106,0.02372,0.01575,0.01965,0.00581,0.00402,0.01617,0.01737,0.01854,0.01514,0.00347,0.00782,0.01789
Anayavirus,0.00417,0.00132,0.00148,0.0,0.0014,0.0,0.0,0.0,0.0,0.0,0.00061,0.0,0.0,0.0
Ancylobacter,0.29402,0.28215,0.36329,0.22272,0.31854,0.31464,0.21316,0.28104,0.18533,0.20951,0.13685,0.12179,0.22341,0.22774
Aneurinibacillus,0.00626,0.0053,0.00297,0.0015,0.00421,0.00194,0.00804,0.00373,0.0029,0.00185,0.00363,0.0013,0.00559,0.00954
Annandia,0.0,0.0,0.0,0.0,0.0,0.0,0.0,0.00124,0.0,0.0,0.0,0.0,0.00112,0.0
Anoxybacillus,0.0,0.0,0.0,0.0015,0.0,0.00194,0.0,0.00124,0.0,0.00185,0.00061,0.00043,0.01564,0.00238
Anoxybacter,0.0,0.00132,0.0,0.00075,0.0,0.0,0.0,0.0,0.0,0.0,0.0,0.0,0.0,0.0
Anseongella,0.00209,0.00132,0.00148,0.00375,0.0,0.00097,0.0,0.00249,0.00579,0.00371,0.00182,0.0013,0.00112,0.00238
Antarcticibacterium,0.0,0.00132,0.00297,0.0045,0.0014,0.0,0.0,0.00124,0.0029,0.0,0.00061,0.00173,0.00223,0.00358
Antarctobacter,0.00417,0.0053,0.00593,0.006,0.0014,0.00484,0.00804,0.00373,0.00869,0.00185,0.01453,0.01604,0.00335,0.00238
Anthocerotibacter,0.0,0.00132,0.0,0.00075,0.0014,0.0029,0.0,0.00124,0.0,0.00556,0.00061,0.00043,0.0,0.00119
Anthonyvirus,0.0,0.0,0.0,0.0,0.0,0.0,0.0,0.0,0.0,0.0,0.0,0.00043,0.0,0.0
Antiquaquibacter,0.00417,0.00265,0.00297,0.00075,0.00421,0.00581,0.0,0.00746,0.0,0.00185,0.00424,0.0013,0.00223,0.00238
Apibacter,0.00209,0.00132,0.00297,0.00075,0.0,0.0,0.0,0.00249,0.0,0.0,0.00182,0.00303,0.0,0.00119
Apilactobacillus,0.0,0.0,0.0,0.0,0.0,0.00097,0.0,0.00124,0.0,0.0,0.00121,0.00087,0.0,0.0
Aquabacter,0.05005,0.04636,0.04004,0.04274,0.06174,0.03873,0.02413,0.03606,0.04054,0.02966,0.0224,0.01864,0.03463,0.03935
Aquabacterium,0.26691,0.23181,0.20018,0.33896,0.16979,0.15006,0.05631,0.24746,0.40541,0.48391,0.66911,0.28866,0.29826,0.2969
Aqualcavirus,0.0,0.0,0.0,0.0,0.0,0.00097,0.0,0.0,0.0,0.0,0.0,0.0,0.0,0.0
Aquaspirillum,0.00834,0.00927,0.00297,0.0135,0.00842,0.01065,0.0,0.01617,0.01448,0.00742,0.00848,0.10272,0.01787,0.00954
Aquella,0.00209,0.0,0.0,0.00075,0.0,0.00097,0.0,0.00249,0.0,0.0,0.0,0.0,0.00112,0.00119
Aquibium,0.05422,0.05696,0.09045,0.07199,0.07157,0.05906,0.02815,0.08456,0.06371,0.08343,0.04965,0.04334,0.05585,0.06439
Aquicella,0.00209,0.00132,0.00297,0.00225,0.00281,0.00194,0.0,0.00249,0.0,0.00927,0.00666,0.00173,0.0067,0.00238
Aquifex,0.0,0.0,0.0,0.0,0.0,0.0,0.00402,0.0,0.0,0.0,0.0,0.0,0.00112,0.0
Aquiflexum,0.00626,0.00132,0.0,0.0015,0.0,0.0,0.0,0.0,0.0,0.0,0.0,0.0013,0.0,0.00119
Aquihabitans,0.16056,0.14438,0.14087,0.15073,0.11507,0.0455,0.02815,0.143,0.22877,0.1613,0.10233,0.1361,0.04133,0.14428
Aquiluna,0.0,0.00265,0.00741,0.00675,0.0,0.0029,0.02011,0.00249,0.0,0.00185,0.00303,0.0026,0.00112,0.00477
Aquimarina,0.0,0.00132,0.0,0.0045,0.0,0.00097,0.0,0.00249,0.0,0.0,0.00484,0.00737,0.00223,0.00715
Aquincola,0.19184,0.18545,0.129,0.32696,0.11647,0.07939,0.07239,0.20518,0.30985,0.37081,0.73209,0.22798,0.22453,0.30525
Aquipluma,0.0,0.0,0.0,0.0015,0.0014,0.00097,0.0,0.00124,0.0,0.0,0.00363,0.00824,0.00223,0.00358
Aquirhabdus,0.0,0.00132,0.0,0.00075,0.0,0.0,0.00402,0.00373,0.0,0.0,0.00061,0.00303,0.00335,0.00477
Aquirufa,0.0,0.00132,0.00148,0.00375,0.0,0.0,0.00402,0.00622,0.0,0.00185,0.00606,0.00347,0.00223,0.01073
Aquisalimonas,0.00209,0.01192,0.01335,0.0165,0.01403,0.01839,0.00402,0.01119,0.01158,0.02596,0.01029,0.0039,0.0067,0.01431
Aquisalinus,0.00834,0.0053,0.00297,0.0105,0.00702,0.00387,0.00402,0.00124,0.00579,0.01112,0.00606,0.00303,0.01005,0.00954
Aquisediminimonas,0.00417,0.01192,0.02224,0.01275,0.00281,0.00484,0.0,0.00622,0.01158,0.00927,0.01998,0.01257,0.00447,0.00715
Aquisphaera,0.05422,0.0755,0.05635,0.04649,0.05894,0.05615,0.06033,0.06093,0.05792,0.05562,0.03391,0.01214,0.07149,0.05604
Aquitalea,0.01043,0.02649,0.01186,0.03525,0.05473,0.02033,0.02011,0.00622,0.00869,0.03523,0.02301,0.02557,0.05027,0.02504
Arabiibacter,0.0,0.00132,0.01186,0.00375,0.0,0.00097,0.00402,0.00373,0.00869,0.01483,0.00303,0.00303,0.00335,0.00358
Arachidicoccus,0.01043,0.0106,0.01631,0.0195,0.01263,0.00871,0.0,0.01119,0.0029,0.00556,0.0218,0.03077,0.01229,0.01669
Arachnia,0.00626,0.0053,0.01038,0.015,0.01684,0.01065,0.00402,0.01119,0.01158,0.01112,0.01029,0.013,0.01452,0.00358
Arcanobacterium,0.00209,0.00397,0.00148,0.003,0.00281,0.0029,0.0,0.00373,0.0,0.0,0.00242,0.00347,0.00335,0.00358
Archaeoglobus,0.0,0.0,0.00148,0.0,0.0,0.00194,0.00804,0.0,0.0,0.0,0.00061,0.0,0.00112,0.0
Archangium,0.09801,0.06623,0.06821,0.04649,0.05192,0.03001,0.07239,0.08456,0.15058,0.1372,0.06964,0.03164,0.11729,0.10135
Arcobacter,0.0,0.0,0.0,0.0015,0.0,0.00097,0.0,0.0,0.0,0.00185,0.00121,0.09189,0.00447,0.00119
Arcticibacterium,0.0,0.0,0.0,0.0,0.0014,0.0,0.0,0.0,0.0,0.0,0.0,0.00173,0.0,0.00119
Arenibacter,0.0,0.0,0.0,0.00075,0.0014,0.0,0.0,0.0,0.0029,0.0,0.0,0.00087,0.0,0.0
Arenimonas,0.02294,0.01457,0.00593,0.018,0.01123,0.01065,0.01207,0.00995,0.03765,0.01298,0.01393,0.00693,0.00782,0.00835
Aristaeella,0.0,0.00132,0.00297,0.00375,0.00421,0.00387,0.0,0.00622,0.0029,0.0,0.00484,0.0013,0.00335,0.0
Aristophania,0.0,0.0,0.0,0.0,0.0014,0.00097,0.0,0.0,0.0,0.00185,0.0,0.00043,0.00112,0.0
Aromatoleum,0.07298,0.0755,0.11566,0.13873,0.087,0.08132,0.05631,0.1256,0.18823,0.14832,0.08901,0.09405,0.13293,0.12401
Arsenicicoccus,0.01251,0.0106,0.01483,0.0195,0.01684,0.02324,0.00402,0.02114,0.04344,0.03708,0.03209,0.03901,0.03798,0.01789
Arsenophonus,0.0,0.0,0.0,0.0015,0.0014,0.00097,0.00402,0.00124,0.0,0.00185,0.00363,0.0013,0.00894,0.00715
Arthrobacter,0.24814,0.18412,0.2847,0.27221,0.23575,0.3524,0.17294,0.30591,0.47491,0.31148,0.28763,0.53962,0.50938,0.25755
Asaia,0.00417,0.0053,0.00593,0.00525,0.00421,0.00387,0.00402,0.00373,0.00579,0.00185,0.00303,0.0013,0.00223,0.00238
Ascochyta,0.00834,0.0053,0.00593,0.00825,0.0014,0.00581,0.00402,0.00746,0.01448,0.01483,0.02362,0.00867,0.00559,0.00954
Aspergillus,0.00626,0.00132,0.00445,0.00525,0.00281,0.01065,0.0,0.00373,0.01158,0.00371,0.00787,0.00563,0.00782,0.00238
Asticcacaulis,0.04796,0.02517,0.02224,0.04199,0.03227,0.0242,0.04022,0.01492,0.01158,0.01112,0.02483,0.01604,0.02346,0.03696
Atelocyanobacterium,0.0,0.00132,0.0,0.0,0.0,0.0,0.0,0.0,0.0,0.0,0.0,0.0,0.00112,0.00238
Athalassotoga,0.0,0.0,0.0,0.0,0.0,0.0,0.0,0.0,0.0,0.0,0.0,0.00043,0.0,0.00119
Atlantibacter,0.0,0.00397,0.0,0.00075,0.0014,0.0029,0.0,0.00124,0.0,0.00371,0.00182,0.00173,0.00559,0.00477
Atopobium,0.0,0.0,0.00148,0.0,0.0014,0.0,0.0,0.0,0.0,0.0,0.00061,0.0,0.0,0.0
Atribacter,0.00626,0.0,0.0,0.00525,0.00421,0.0,0.0,0.00249,0.0,0.00371,0.0,0.0,0.0,0.00119
Attisvirus,0.0,0.0,0.0,0.0,0.0,0.0,0.0,0.00249,0.0,0.0,0.0,0.0,0.0,0.0
Aurantiacibacter,0.02085,0.02119,0.03707,0.07574,0.03087,0.01162,0.00804,0.02114,0.02317,0.03894,0.03815,0.05591,0.01117,0.05962
Aurantibacillus,0.00417,0.00795,0.00297,0.01125,0.0014,0.0029,0.0,0.00373,0.0,0.00371,0.00303,0.0065,0.00112,0.00477
Aurantimicrobium,0.00209,0.00132,0.00148,0.0045,0.0,0.00678,0.00804,0.0,0.0,0.00185,0.00182,0.00087,0.00447,0.00715
Aurantimonas,0.03336,0.02649,0.04745,0.03225,0.03789,0.02904,0.01207,0.03979,0.01448,0.0445,0.01453,0.02124,0.0391,0.03339
Auraticoccus,0.00834,0.00795,0.02372,0.009,0.01824,0.03679,0.00402,0.02114,0.00579,0.01669,0.01332,0.013,0.01452,0.01431
Aureibaculum,0.0,0.0,0.0,0.0,0.0014,0.00097,0.0,0.0,0.0,0.0,0.0,0.00303,0.0,0.0
Aureimonas,0.15014,0.13114,0.14976,0.12448,0.1277,0.12779,0.11663,0.11192,0.11294,0.30406,0.08901,0.07888,0.13517,0.11447
Aureispira,0.0,0.0,0.00148,0.0,0.0,0.0,0.0,0.0,0.0,0.0,0.0,0.00173,0.00112,0.00119
Aureliella,0.00626,0.00265,0.00148,0.00225,0.00702,0.0029,0.0,0.00249,0.0029,0.00371,0.00242,0.00043,0.00559,0.00358
Auritidibacter,0.00417,0.00265,0.00148,0.0075,0.00281,0.00194,0.00402,0.0,0.0029,0.00185,0.00303,0.00217,0.00335,0.00596
Austintatiousvirus,0.0,0.0,0.0,0.0,0.0,0.0,0.0,0.0,0.0,0.0,0.0,0.00087,0.0,0.0
Austwickia,0.0,0.0053,0.00741,0.009,0.00281,0.00484,0.0,0.00995,0.0029,0.00371,0.00363,0.00693,0.00447,0.00358
Aviadenovirus,0.0,0.0,0.0,0.0,0.0,0.0,0.0,0.0,0.0,0.0,0.00061,0.0,0.0,0.0
Avibacterium,0.0,0.00132,0.00148,0.00375,0.0014,0.00097,0.00402,0.01244,0.0,0.00371,0.00363,0.00087,0.0067,0.00119
Azoarcus,0.20644,0.13776,0.15866,0.21972,0.15155,0.12489,0.13674,0.22508,0.35618,0.30406,0.20649,0.22061,0.21671,0.23967
Azorhizobium,0.03128,0.06756,0.02817,0.04199,0.05052,0.05228,0.03218,0.05223,0.04054,0.04264,0.0327,0.02991,0.04021,0.031
Azospira,0.14388,0.0967,0.13049,0.17173,0.08981,0.06874,0.09653,0.14674,0.28958,0.27811,0.37361,0.34934,0.15192,0.15739
Azospirillum,0.31904,0.20929,0.27135,0.24222,0.2582,0.25946,0.20109,0.27109,0.24904,0.21136,0.16773,0.13523,0.33289,0.27186
Azotobacter,0.03962,0.0159,0.043,0.0285,0.02666,0.02614,0.01207,0.03979,0.02606,0.03337,0.03149,0.02254,0.05585,0.03339
Babela,0.0,0.0,0.00148,0.0,0.0,0.0,0.0,0.00124,0.0,0.00371,0.0,0.0,0.00112,0.00119
Babesia,0.0,0.0053,0.0,0.0015,0.0014,0.00097,0.0,0.00124,0.0,0.0,0.00242,0.0078,0.00335,0.00119
Bacillus,0.58804,0.05299,0.05931,0.04049,0.07016,0.04163,0.05631,0.37803,0.26352,0.06489,0.04057,0.0169,0.06144,0.05723
Backyardiganvirus,0.0,0.0,0.0,0.0,0.0,0.0,0.0,0.0,0.0,0.0,0.0,0.00043,0.0,0.0
Bacterioplanes,0.00209,0.0,0.0,0.0,0.0014,0.00194,0.0,0.00124,0.0,0.00185,0.00484,0.0013,0.00447,0.0
Bacterioplanoides,0.0,0.0,0.0,0.00075,0.0014,0.0029,0.0,0.0,0.0,0.0,0.00242,0.0,0.00447,0.00358
Bacteriovorax,0.0,0.00132,0.0,0.0,0.0014,0.00097,0.0,0.00124,0.0,0.0,0.00061,0.00824,0.00112,0.00119
Bacteroides,0.01877,0.0159,0.01038,0.0285,0.02105,0.02324,0.02011,0.01617,0.01448,0.02039,0.0224,0.04724,0.03463,0.03816
Baekduia,0.15014,0.14703,0.26987,0.09224,0.18944,0.28753,0.19305,0.18404,0.25193,0.19097,0.0981,0.05981,0.14298,0.07989
Barnesiella,0.0,0.0,0.0,0.0,0.0,0.0029,0.0,0.0,0.0,0.0,0.0,0.0,0.0,0.0
Barrientosiimonas,0.03545,0.02384,0.03707,0.01875,0.02807,0.0213,0.00804,0.02487,0.03765,0.02039,0.03573,0.03814,0.03239,0.0155
Bartonella,0.00626,0.0159,0.02076,0.01125,0.01123,0.01549,0.01609,0.01244,0.00869,0.00556,0.01635,0.0039,0.02346,0.01312
Basfia,0.0,0.0,0.0,0.00075,0.0,0.00194,0.0,0.0,0.0,0.0,0.00061,0.00043,0.00223,0.00119
Basilea,0.00209,0.00132,0.00148,0.00075,0.0,0.00194,0.01207,0.00124,0.0,0.00185,0.00061,0.0,0.00447,0.0
Baumannia,0.0,0.0,0.00148,0.0,0.0,0.0,0.0,0.0,0.0,0.00371,0.00061,0.0,0.0,0.0
Bdellovibrio,0.01251,0.00132,0.00297,0.00525,0.00702,0.00387,0.00402,0.00746,0.00869,0.00742,0.00727,0.00303,0.01005,0.00835
Beggiatoa,0.0,0.0,0.00148,0.00225,0.0,0.00097,0.0,0.0,0.0,0.00371,0.00121,0.00173,0.01452,0.00238
Beijerinckia,0.0146,0.0106,0.02669,0.02025,0.02947,0.03098,0.02815,0.02984,0.00869,0.00927,0.01272,0.0065,0.02458,0.01908
Belliella,0.0,0.00132,0.00445,0.00375,0.0,0.0,0.0,0.00124,0.0029,0.0,0.00182,0.00043,0.00223,0.0
Bergeyella,0.0,0.0,0.0,0.0,0.0,0.0,0.0,0.0,0.0,0.0,0.0,0.00173,0.0,0.00119
Bermanella,0.0,0.0,0.0,0.0015,0.0,0.00194,0.0,0.0,0.0,0.00371,0.0,0.00043,0.0067,0.00119
Bernardetia,0.00209,0.0,0.0,0.0,0.0,0.0,0.0,0.00124,0.0,0.0,0.00182,0.00173,0.00112,0.00119
Berryella,0.00417,0.00265,0.00148,0.00675,0.00281,0.0029,0.01207,0.0087,0.02317,0.00927,0.00666,0.00173,0.01005,0.00358
Bertelyvirus,0.0,0.0,0.0,0.00075,0.0,0.0,0.0,0.0,0.0029,0.0,0.0,0.0,0.0,0.0
Besnoitia,0.00834,0.00265,0.0,0.0015,0.00281,0.00387,0.0,0.00249,0.01448,0.0,0.00061,0.0026,0.00112,0.00119
Betabaculovirus,0.0,0.0,0.0,0.0,0.0,0.00097,0.0,0.0,0.0,0.0,0.00061,0.0,0.07373,0.0
Betterkatzvirus,0.0,0.0,0.0,0.0,0.0,0.0,0.0,0.00124,0.0,0.0,0.0,0.0,0.0,0.0
Beutenbergia,0.01668,0.01987,0.02521,0.0105,0.02105,0.02904,0.01207,0.00995,0.03185,0.00742,0.01877,0.0182,0.0134,0.01192
Biavirus,0.0,0.0,0.0,0.0,0.0,0.0,0.0,0.0,0.0,0.0,0.0,0.00043,0.0,0.0
Bibersteinia,0.0,0.0,0.0,0.0,0.0,0.0,0.0,0.0,0.0,0.07231,0.0,0.01344,0.00223,0.00358
Bifidobacterium,0.03753,0.04769,0.06673,0.07424,0.0435,0.06486,0.04022,0.07088,0.04344,0.07416,0.04905,0.68351,0.05139,0.06439
Bigelowiella,0.0,0.00132,0.00148,0.0,0.0014,0.0,0.0,0.0,0.0,0.00371,0.00121,0.0013,0.0,0.0
Biomaibacter,0.0,0.0,0.0,0.0,0.0,0.00097,0.0,0.0,0.0,0.0,0.0,0.00043,0.00223,0.0
Bipolaricaulis,0.00626,0.0,0.00297,0.0015,0.00421,0.00097,0.00402,0.00373,0.0029,0.00371,0.00121,0.0,0.00447,0.00596
Bisgaardia,0.0,0.0,0.0,0.0,0.0,0.00097,0.0,0.0,0.0,0.0,0.0,0.0,0.00223,0.0
Bizionia,0.0,0.0,0.0,0.00075,0.0,0.0,0.0,0.0,0.0,0.0,0.0,0.00087,0.0,0.0
Blastochloris,0.14388,0.17618,0.1898,0.11623,0.19646,0.12198,0.11663,0.15047,0.11004,0.1131,0.05813,0.05461,0.14745,0.14785
Blastococcus,0.02711,0.03709,0.04597,0.03974,0.0435,0.06293,0.0362,0.03233,0.05212,0.04821,0.03875,0.03814,0.04468,0.03219
Blastomonas,0.03962,0.02119,0.02224,0.08699,0.01403,0.02711,0.02413,0.0286,0.03475,0.02966,0.03815,0.06718,0.01787,0.05723
Blastopirellula,0.00834,0.00795,0.0089,0.00225,0.00702,0.0029,0.0,0.00622,0.0029,0.00185,0.00242,0.00173,0.00112,0.00477
Blattabacterium,0.00209,0.0053,0.00297,0.00675,0.00421,0.0029,0.0,0.0,0.0,0.00556,0.00182,0.00433,0.0,0.00238
Blautia,0.00209,0.0106,0.00297,0.00075,0.00421,0.00097,0.0,0.00497,0.00579,0.00185,0.00182,0.10012,0.0134,0.00715
Blochmannia,0.0,0.0,0.00148,0.0,0.0,0.00097,0.00402,0.0,0.0029,0.00185,0.00061,0.00087,0.00894,0.0
Blohavirus,0.0,0.0,0.0,0.0,0.0,0.0,0.0,0.0,0.0,0.0,0.0,0.00087,0.0,0.0
Bombilactobacillus,0.0,0.0,0.0,0.0,0.0,0.0,0.0,0.0,0.0029,0.0,0.0,0.0,0.0,0.00238
Bordetella,0.40662,0.3444,0.36032,0.48144,0.27784,0.26914,0.22523,0.36559,0.47201,0.4561,0.37785,0.25399,0.47587,0.38156
Borrelia,0.00209,0.0,0.0,0.00075,0.0014,0.0,0.01609,0.00249,0.0,0.0,0.00061,0.00217,0.0,0.00358
Borreliella,0.0,0.0,0.0,0.0015,0.0014,0.0,0.0,0.00124,0.0,0.0,0.0,0.0026,0.0,0.00119
Bosavirus,0.0,0.0,0.0,0.0,0.0,0.0,0.0,0.0,0.0,0.0,0.00061,0.0,0.0,0.0
Bosea,0.4379,0.51395,0.52195,0.42669,0.51359,0.47632,0.3499,0.44394,0.47201,0.32446,0.25614,0.23405,0.32842,0.44594
Botrimarina,0.03128,0.01854,0.03114,0.0105,0.01824,0.01549,0.00402,0.0087,0.02896,0.03152,0.00545,0.00347,0.02346,0.01312
Botrytis,0.0,0.00265,0.0,0.0015,0.0014,0.00194,0.00402,0.0,0.0,0.0,0.00061,0.0013,0.00335,0.00238
Boudabousia,0.0,0.0,0.0,0.00075,0.0014,0.0,0.0,0.00124,0.0,0.0,0.0,0.00043,0.0,0.0
Brachybacterium,0.07715,0.06888,0.10231,0.08549,0.07999,0.09875,0.07239,0.1057,0.12452,0.09641,0.09507,0.10749,0.10836,0.05843
Brachyspira,0.0,0.0,0.00148,0.0,0.0014,0.0,0.0,0.0,0.0,0.0,0.00121,0.00173,0.00112,0.00358
Bracoviriform,0.0,0.0,0.0,0.0,0.0,0.0,0.0,0.0,0.0,0.0,0.0,0.00087,0.0,0.0
Bradymonas,0.00209,0.00397,0.00148,0.0045,0.0,0.0029,0.00402,0.00746,0.01158,0.00185,0.00545,0.00087,0.00447,0.00477
Bradyrhizobium,27.05397,29.80806,28.578,16.06587,24.91896,20.90675,14.5029,24.14788,11.69316,14.8602,12.07916,2.64086,11.18968,18.41129
Brasilonema,0.00417,0.00132,0.00445,0.0015,0.0,0.0029,0.0,0.0,0.0,0.00371,0.00121,0.0,0.0,0.00119
Bremerella,0.01877,0.01457,0.02224,0.015,0.01263,0.01162,0.00402,0.01244,0.01737,0.01483,0.01332,0.00087,0.0134,0.01431
Brenneria,0.00626,0.00397,0.0089,0.0045,0.02947,0.00581,0.0,0.00497,0.02027,0.00927,0.00242,0.00173,0.01564,0.01073
Breoghania,0.1126,0.08478,0.0949,0.07949,0.09121,0.06777,0.06033,0.09948,0.07819,0.07787,0.05329,0.04248,0.09495,0.10374
Brettanomyces,0.00209,0.00132,0.0,0.006,0.00281,0.00387,0.0,0.0,0.0029,0.00185,0.00061,0.0039,0.0,0.00358
Brevefilum,0.00626,0.0,0.0,0.0015,0.01263,0.00484,0.00402,0.00497,0.02027,0.01669,0.00606,0.00043,0.01005,0.01073
Brevibacillus,0.02711,0.02782,0.02076,0.027,0.01403,0.02033,0.02011,0.01741,0.02317,0.0241,0.01332,0.00563,0.01899,0.03577
Brevibacterium,0.04796,0.06623,0.13197,0.08549,0.07578,0.11037,0.03218,0.07088,0.07819,0.08158,0.0769,0.09535,0.08266,0.08108
Brevirhabdus,0.00209,0.02119,0.01335,0.0135,0.00421,0.01839,0.01207,0.01244,0.02317,0.01483,0.01453,0.03251,0.00559,0.02265
Brevundimonas,0.21061,0.22254,0.21649,0.25722,0.18804,0.19943,0.17696,0.1828,0.17085,0.17799,0.16289,0.12829,0.19214,0.19793
Breznakiella,0.0,0.00132,0.00148,0.0,0.0,0.0,0.00402,0.0,0.0,0.00185,0.00061,0.00043,0.0,0.0
Bridgettevirus,0.0,0.0,0.0,0.0,0.0,0.0,0.0,0.00124,0.0,0.0,0.0,0.0,0.0,0.0
Brochothrix,0.00209,0.0,0.0,0.0,0.0,0.0,0.00402,0.0,0.0,0.0,0.00061,0.00043,0.0,0.0
Brooklawnia,0.01043,0.0,0.00741,0.01275,0.00982,0.00968,0.00804,0.00995,0.03475,0.01669,0.00787,0.40785,0.00223,0.00477
Brucella,0.26274,0.11259,0.29211,0.12373,0.16839,0.1123,0.11261,0.19648,0.08687,0.16686,0.10839,0.07195,0.19214,0.18482
Brucepastera,0.00209,0.00132,0.00148,0.0,0.0,0.0,0.0,0.0,0.0,0.0,0.00061,0.0013,0.0,0.0
Buchnera,0.0,0.00132,0.00297,0.00375,0.0,0.00678,0.00402,0.00249,0.0029,0.00742,0.00484,0.0026,0.01117,0.00477
Bulleidia,0.0,0.0,0.0,0.0,0.0,0.00097,0.0,0.0,0.0,0.00185,0.0,0.00087,0.0,0.0
Burkholderia,1.09684,1.5008,1.09875,1.39781,0.80968,0.7503,0.69579,1.11668,1.24229,1.20328,1.0179,1.71897,1.01988,1.08267
Burzaovirus,0.0,0.0,0.0,0.0,0.0,0.0,0.0,0.0,0.0,0.0,0.0,0.00043,0.0,0.0
Buttiauxella,0.0,0.00795,0.0,0.0075,0.0014,0.0029,0.00402,0.0,0.00579,0.0,0.00242,0.00173,0.00559,0.00119
Butyricimonas,0.0,0.00132,0.0,0.00075,0.00421,0.00097,0.0,0.0,0.0,0.0,0.00303,0.0026,0.00112,0.0
Butyrivibrio,0.0,0.0,0.0,0.0,0.0,0.00097,0.00402,0.0,0.0,0.0,0.00303,0.00217,0.00223,0.00119
Bythopirellula,0.00626,0.00265,0.00741,0.0045,0.0014,0.0029,0.0,0.00373,0.01158,0.00556,0.00363,0.00043,0.00447,0.00477
Caballeronia,0.21269,0.14836,0.19128,0.15298,0.15015,0.15006,0.12468,0.22508,0.22877,0.16872,0.12656,0.06718,0.17203,0.22178
Caenibius,0.0146,0.01987,0.02521,0.10799,0.02666,0.01646,0.00804,0.02114,0.04054,0.01854,0.03512,0.07628,0.01676,0.05127
Caldalkalibacillus,0.0,0.0,0.00148,0.0015,0.0,0.0,0.0,0.0,0.0,0.0,0.0,0.00043,0.0,0.00119
Caldanaerobacter,0.0,0.0,0.00148,0.0015,0.0,0.0,0.0,0.00124,0.0,0.0,0.0,0.0,0.00112,0.00119
Caldibacillus,0.0,0.0,0.0,0.0,0.0,0.00097,0.0,0.0,0.0,0.0,0.0,0.0,0.0,0.0
Caldicellulosiruptor,0.0,0.0,0.0,0.00075,0.0,0.00194,0.0,0.00249,0.0,0.00185,0.0,0.00303,0.0,0.00358
Caldichromatium,0.00209,0.00397,0.00148,0.006,0.00421,0.00484,0.01207,0.00497,0.00579,0.00742,0.00182,0.0026,0.00223,0.00477
Caldilinea,0.00834,0.01192,0.01186,0.00525,0.00561,0.00581,0.00402,0.00746,0.02027,0.01669,0.00303,0.0143,0.00559,0.01908
Caldimicrobium,0.0,0.0,0.0,0.0,0.0014,0.0,0.0,0.0,0.0,0.0,0.0,0.0,0.0,0.0
Caldimonas,0.48169,0.30069,0.34698,0.37645,0.20768,0.15781,0.04022,0.33326,0.52703,0.62852,0.93252,0.25702,0.34629,0.4686
Caldinitratiruptor,0.0146,0.00927,0.01779,0.00525,0.01263,0.00387,0.01609,0.01368,0.02027,0.00927,0.00545,0.00303,0.01676,0.01312
Caldisericum,0.0,0.0,0.00148,0.0,0.0,0.0,0.0,0.0,0.0029,0.0,0.00061,0.0,0.0,0.00119
Calditerrivibrio,0.0,0.0,0.00148,0.0,0.0,0.0,0.0,0.0,0.0,0.0,0.0,0.0,0.0,0.00119
Caldithrix,0.0,0.00132,0.00297,0.00225,0.0014,0.0029,0.0,0.00124,0.0029,0.00371,0.00061,0.00087,0.00559,0.00238
Caloramator,0.0,0.0,0.0,0.0,0.0,0.00097,0.0,0.0,0.0,0.0,0.00061,0.00087,0.0,0.0
Caloranaerobacter,0.00209,0.0,0.0,0.0,0.0014,0.0,0.0,0.0,0.0,0.0,0.0,0.0,0.00112,0.0
Calothrix,0.0,0.00397,0.00148,0.00225,0.0,0.00097,0.0,0.00746,0.0,0.0,0.00061,0.0,0.00559,0.00477
Calycomorphotria,0.00417,0.00265,0.00593,0.0015,0.00561,0.0029,0.0,0.00249,0.0029,0.00185,0.00182,0.0013,0.00447,0.00477
Caminibacter,0.00209,0.0,0.0,0.0,0.0,0.0,0.0,0.0,0.0,0.0,0.00061,0.0,0.00112,0.00238
Caminicella,0.00417,0.0,0.0,0.0,0.0,0.00097,0.00402,0.0,0.0,0.0,0.0,0.0,0.0,0.0
Campylobacter,0.00417,0.00265,0.00297,0.0045,0.00982,0.00968,0.00402,0.00746,0.0,0.00556,0.00363,0.00737,0.02122,0.00715
Candida,0.0,0.00265,0.00593,0.00075,0.0014,0.0029,0.0,0.0,0.0,0.0,0.00061,0.0013,0.00112,0.00358
Candida/Metschnikowiaceae,0.0,0.00132,0.00297,0.0,0.00281,0.0,0.0,0.00124,0.0,0.0,0.0,0.00087,0.0,0.00119
Candidatus Absconditicoccus,0.0,0.0,0.00148,0.00075,0.0,0.0,0.0,0.0,0.0,0.0,0.0,0.0,0.0,0.0
Candidatus Arcticimaribacter,0.00209,0.0,0.0,0.00075,0.0,0.0,0.0,0.0,0.0,0.0,0.0,0.00217,0.0,0.0
Candidatus Arthromitus,0.0,0.00132,0.00148,0.00075,0.0,0.0,0.0,0.00249,0.0029,0.00185,0.00061,0.00087,0.0,0.00238
Candidatus Azoamicus,0.0,0.0,0.0,0.0,0.0,0.0,0.0,0.0,0.00579,0.0,0.0,0.0,0.0,0.0
Candidatus Azobacteroides,0.0,0.0,0.0,0.0,0.0014,0.0,0.0,0.0,0.0,0.0,0.0,0.00087,0.0,0.0
Candidatus Bandiella,0.0,0.0,0.0,0.0,0.0014,0.0,0.0,0.0,0.0,0.0,0.0,0.0,0.0,0.0
Candidatus Carsonella,0.0,0.0,0.0,0.0,0.0,0.00097,0.0,0.00124,0.0,0.0,0.00061,0.0,0.0,0.0
Candidatus Chromulinivorax,0.0,0.00132,0.0,0.00075,0.0,0.0,0.0,0.0,0.0029,0.0,0.00061,0.0,0.0,0.00119
Candidatus Comchoanobacter,0.0,0.0,0.0,0.0,0.0014,0.00097,0.0,0.0,0.0,0.0,0.0,0.00043,0.0,0.0
Candidatus Epulonipiscium,0.0,0.0,0.0,0.0,0.00281,0.00097,0.0,0.0,0.0,0.0,0.0,0.0,0.00112,0.00119
Candidatus Fervidibacter,0.0,0.00132,0.0,0.00075,0.0,0.00194,0.0,0.0,0.0,0.0,0.0,0.0,0.0,0.0
Candidatus Formimonas,0.0,0.00132,0.00297,0.00075,0.0014,0.00484,0.0,0.00124,0.0,0.0,0.00061,0.0,0.00223,0.00238
Candidatus Fukatsuia,0.0,0.0,0.0,0.00075,0.0,0.00097,0.0,0.0,0.0,0.0,0.00121,0.0,0.00112,0.00119
Candidatus Gromoviella,0.0,0.0,0.0,0.00075,0.0,0.0,0.0,0.0,0.0,0.0,0.0,0.0,0.0,0.0
Candidatus Hydrogenosomobacter,0.0,0.0,0.0,0.00075,0.0,0.0,0.0,0.0,0.0,0.0,0.0,0.0,0.0,0.0
Candidatus Karelsulcia,0.0,0.00265,0.0,0.0,0.0014,0.00097,0.00402,0.0,0.0,0.00185,0.00061,0.00043,0.0,0.0
Candidatus Kinetoplastibacterium,0.0,0.0,0.0,0.0015,0.0014,0.00097,0.0,0.00124,0.0,0.0,0.00182,0.00043,0.00782,0.00119
Candidatus Methanoliparum,0.0,0.0,0.0,0.0,0.0,0.0,0.0,0.0,0.0,0.0,0.0,0.00043,0.0,0.0
Candidatus Minimicrobia,0.0,0.0,0.0,0.0,0.0,0.0,0.0,0.00249,0.0,0.0,0.0,0.0,0.0,0.0
Candidatus Mycosynbacter,0.0,0.00132,0.0,0.00075,0.0,0.0,0.0,0.0,0.0,0.0,0.0,0.00217,0.0,0.0
Candidatus Nitrosacidococcus,0.0,0.00132,0.0,0.00075,0.0014,0.00194,0.0,0.00124,0.0,0.00185,0.00121,0.0013,0.00559,0.00238
Candidatus Nitrosocaldus,0.00417,0.00265,0.0,0.00075,0.00281,0.0,0.00804,0.0,0.0029,0.0,0.0,0.0,0.00112,0.0
Candidatus Nitrosoglobus,0.0,0.0,0.00148,0.0,0.0,0.0,0.00402,0.0,0.0,0.0,0.0,0.00217,0.00223,0.0
Candidatus Nitrosopelagicus,0.00209,0.0106,0.0,0.00525,0.00281,0.00194,0.00402,0.0,0.0,0.00185,0.00061,0.0,0.00447,0.00477
Candidatus Pelagisphaera,0.0,0.00132,0.0,0.0,0.0014,0.00097,0.0,0.00373,0.0,0.0,0.00061,0.00043,0.0,0.0
Candidatus Prometheoarchaeum,0.0,0.0,0.0,0.0,0.0,0.0,0.0,0.0,0.0,0.0,0.0,0.0013,0.00112,0.0
Candidatus Promineifilum,0.02294,0.01192,0.01928,0.012,0.01403,0.00484,0.00402,0.0087,0.02317,0.01298,0.00848,0.00303,0.02346,0.01789
Candidatus Pseudothioglobus,0.0,0.0,0.0,0.0,0.0,0.0,0.00402,0.0,0.0029,0.0,0.0,0.00087,0.00112,0.0
Candidatus Ruthturnera,0.0,0.00132,0.0,0.0,0.0,0.0,0.0,0.0,0.0,0.0,0.00061,0.00043,0.00112,0.00238
Candidatus Sulfidibacterium,0.0,0.00132,0.0,0.0015,0.0014,0.0,0.0,0.00124,0.0,0.0,0.0,0.0,0.00112,0.0
Candidatus Thioglobus,0.0,0.0,0.0,0.00225,0.0,0.00194,0.00402,0.0,0.0029,0.00371,0.00061,0.00217,0.00447,0.00477
Candidatus Uabimicrobium,0.0,0.0,0.00297,0.00225,0.00281,0.0,0.0,0.0,0.0,0.0,0.0,0.0,0.0,0.0
Candidatus Vesicomyosocius,0.0,0.0,0.0,0.00225,0.0,0.0,0.0,0.00124,0.0,0.0,0.00121,0.0,0.01676,0.00358
Candidatus Viadribacter,0.0146,0.02782,0.02817,0.0255,0.01684,0.01259,0.0,0.02114,0.02027,0.00927,0.01151,0.0013,0.00559,0.00954
Capillimicrobium,0.09801,0.102,0.18832,0.07199,0.12208,0.19556,0.11261,0.12062,0.12452,0.07972,0.07145,0.03077,0.09495,0.04769
Capnocytophaga,0.00209,0.00265,0.0,0.00675,0.00421,0.00387,0.0,0.00249,0.01158,0.00371,0.00484,0.00954,0.00447,0.00715
Caproicibacter,0.0,0.00132,0.00148,0.0,0.00281,0.0,0.0,0.00124,0.0,0.0,0.00121,0.0,0.00223,0.0
Caproicibacterium,0.0,0.00132,0.00593,0.0,0.00421,0.00097,0.00804,0.00124,0.00579,0.00371,0.00121,0.00217,0.00112,0.00238
Caproiciproducens,0.0,0.00132,0.00297,0.00225,0.0014,0.0,0.00402,0.00124,0.0,0.00185,0.00242,0.0013,0.00335,0.00596
Capsulimonas,0.01251,0.0106,0.00297,0.01275,0.00842,0.00484,0.00402,0.00497,0.00869,0.01112,0.00666,0.0013,0.00894,0.00954
Carboxydocella,0.00209,0.0,0.00297,0.00075,0.0014,0.00097,0.0,0.00124,0.0,0.0,0.0,0.0,0.0,0.0
Carboxydothermus,0.00209,0.00132,0.0,0.0015,0.0,0.00097,0.0,0.00124,0.0,0.0,0.0,0.0,0.0,0.0
Carboxylicivirga,0.00209,0.00265,0.0,0.00225,0.0,0.0029,0.0,0.00124,0.0029,0.0,0.00242,0.00433,0.00112,0.0
Cardinium,0.0,0.0,0.0,0.00075,0.0,0.00097,0.0,0.0,0.0,0.0,0.00121,0.0,0.0,0.00119
Cardiobacterium,0.01043,0.01457,0.01038,0.00825,0.00702,0.0029,0.00804,0.00497,0.0029,0.00742,0.00787,0.0026,0.00447,0.00358
Carjivirus,0.0,0.0,0.0,0.0,0.0,0.0,0.0,0.0,0.0,0.0,0.0,0.02687,0.0,0.0
Carnobacterium,0.0,0.0,0.0,0.0,0.0,0.0,0.00402,0.0,0.0,0.00185,0.00061,0.00043,0.0,0.00119
Casimicrobium,0.03962,0.13114,0.01928,0.05849,0.02526,0.02033,0.02413,0.03482,0.05212,0.04079,0.05571,0.04161,0.03239,0.0465
Castellaniella,0.02711,0.02384,0.01779,0.04949,0.02526,0.03098,0.02413,0.0286,0.04923,0.04264,0.03452,0.02254,0.04133,0.03458
Catalinimonas,0.0,0.0,0.0,0.003,0.0,0.0,0.0,0.0,0.00579,0.0,0.00242,0.00087,0.0,0.00119
Catellatospora,0.03336,0.02119,0.04745,0.03225,0.05052,0.05422,0.03218,0.03731,0.04054,0.0241,0.0224,0.01907,0.03463,0.03219
Catenibacterium,0.0,0.0,0.0,0.0,0.0,0.0,0.0,0.0,0.0029,0.00185,0.00121,0.14216,0.0,0.0
Catenovulum,0.0,0.0,0.00148,0.00075,0.0,0.0,0.0,0.0,0.0,0.00371,0.00061,0.00087,0.01229,0.00119
Catenulispora,0.02919,0.01854,0.02076,0.03075,0.06174,0.08035,0.02413,0.04104,0.05212,0.03152,0.02422,0.0208,0.0391,0.02146
Caulifigura,0.01668,0.00927,0.01928,0.009,0.00982,0.01065,0.0,0.02114,0.00869,0.01669,0.01029,0.00087,0.00559,0.02265
Caulobacter,0.24397,0.27022,0.23428,0.33071,0.28486,0.29915,0.18501,0.24995,0.23456,0.28367,0.2077,0.1725,0.21559,0.27305
Cedecea,0.00417,0.01722,0.00593,0.0075,0.0014,0.00581,0.0,0.00249,0.00579,0.00371,0.00666,0.00477,0.01117,0.00238
Celeribacter,0.03753,0.04636,0.02224,0.03,0.03227,0.02033,0.00804,0.03109,0.04923,0.03152,0.05086,0.09492,0.02346,0.05604
Celerinatantimonas,0.0,0.0,0.0,0.00075,0.0014,0.0,0.0,0.0,0.0,0.0,0.00121,0.0,0.00223,0.0
Cellulomonas,0.3107,0.23976,0.39442,0.28496,0.26942,0.37757,0.14479,0.31958,0.33301,0.32446,0.37785,0.36321,0.3206,0.21463
Cellulophaga,0.00417,0.00795,0.00148,0.00375,0.0,0.0029,0.0,0.00124,0.0,0.0,0.00182,0.0104,0.0,0.00119
Cellulosilyticum,0.0,0.00132,0.0,0.0,0.0,0.00097,0.0,0.0,0.0,0.0,0.0,0.0,0.0,0.0
Cellulosimicrobium,0.06256,0.02914,0.08749,0.06374,0.05613,0.05034,0.01609,0.07585,0.04633,0.06118,0.05753,0.05808,0.04245,0.18362
Cellvibrio,0.01668,0.0106,0.00593,0.0165,0.01824,0.00484,0.01207,0.00622,0.0,0.01112,0.02604,0.0039,0.03239,0.01908
Cercospora,0.00209,0.00132,0.0,0.0015,0.0,0.00484,0.0,0.00124,0.0,0.0,0.00182,0.0,0.0,0.00358
Cereibacter,0.05839,0.03179,0.0519,0.03675,0.03368,0.04163,0.02413,0.04104,0.06081,0.0445,0.09628,0.48457,0.04357,0.07393
Cetobacterium,0.0,0.0,0.0,0.0,0.0,0.00097,0.0,0.0,0.0,0.0,0.0,0.0013,0.0,0.0
Chamaesiphon,0.0,0.0053,0.0,0.0,0.0,0.00097,0.0,0.00124,0.0,0.0,0.00061,0.00087,0.0,0.0
Changchengzhania,0.00209,0.00132,0.0,0.0,0.0014,0.0,0.0,0.0,0.0,0.0,0.00121,0.00173,0.0,0.00119
Changpingibacter,0.0,0.0,0.00148,0.0015,0.0014,0.0,0.00402,0.00124,0.0,0.00185,0.00061,0.00954,0.0,0.0
Chania,0.00209,0.00265,0.0,0.0015,0.0014,0.0,0.0,0.00249,0.0,0.00185,0.0,0.00043,0.00112,0.00119
Chaovirus,0.0,0.0,0.0,0.0,0.0,0.0,0.0,0.0,0.0,0.0,0.00061,0.0,0.0,0.0
Charlievirus,0.0,0.0,0.0,0.0,0.0,0.0,0.0,0.0,0.0,0.0,0.0,0.0,0.0,0.00119
Chazhemtobacterium,0.0,0.0,0.0,0.0,0.0,0.0,0.0,0.0,0.0,0.0,0.00061,0.00043,0.00112,0.0
Chelativorans,0.03336,0.02914,0.03855,0.02325,0.03368,0.02711,0.00804,0.03357,0.02317,0.03152,0.01393,0.01387,0.02458,0.02504
Chelatococcus,0.12094,0.11259,0.10676,0.07649,0.0884,0.10359,0.07239,0.11813,0.05212,0.06118,0.05692,0.04724,0.10277,0.08943
Chenggangzhangella,0.04796,0.04636,0.0519,0.04274,0.03929,0.05034,0.0362,0.03357,0.03765,0.02039,0.02664,0.02167,0.04133,0.04889
Chenonavirus,0.0,0.0,0.0,0.0,0.0,0.0,0.0,0.0,0.0,0.0,0.00061,0.0,0.0,0.0
Chimaeribacter,0.00209,0.0,0.00148,0.0015,0.0014,0.0,0.00402,0.00124,0.0029,0.00185,0.00061,0.00173,0.00782,0.00119
Chitinibacter,0.00209,0.0,0.00148,0.006,0.00281,0.00581,0.02011,0.00249,0.00869,0.0,0.00727,0.00347,0.00782,0.00954
Chitinimonas,0.05213,0.02649,0.04004,0.05849,0.04631,0.02033,0.01207,0.04725,0.08398,0.06304,0.03875,0.04248,0.05697,0.04889
Chitiniphilus,0.01668,0.01325,0.01779,0.027,0.01965,0.00387,0.00402,0.00746,0.03475,0.02039,0.01817,0.01734,0.02346,0.02862
Chitinolyticbacter,0.01877,0.00662,0.02076,0.02175,0.00281,0.00775,0.01207,0.0199,0.03185,0.00927,0.01877,0.01214,0.02234,0.01789
Chitinophaga,0.01251,0.02384,0.02372,0.05999,0.02105,0.01936,0.02011,0.04725,0.03475,0.02596,0.07509,0.05374,0.03128,0.05366
Chlamydia,0.0,0.00132,0.00297,0.00075,0.0,0.0,0.0,0.0,0.0,0.0,0.0,0.00087,0.00223,0.00119
Chloracidobacterium,0.02502,0.0159,0.01779,0.01575,0.01544,0.00871,0.01609,0.01368,0.02027,0.01298,0.00969,0.0039,0.00894,0.0155
Chloriridovirus,0.0,0.0,0.0,0.0,0.0,0.0,0.0,0.0,0.0,0.0,0.0,0.0,0.00112,0.0
Chlorobaculum,0.00834,0.00795,0.00741,0.00525,0.07578,0.19653,0.02815,0.00622,0.02606,0.00742,0.00666,0.00563,0.01229,0.01431
Chlorobium,0.00209,0.00132,0.00297,0.00375,0.0014,0.00484,0.0,0.00124,0.00579,0.00371,0.00606,0.0,0.00447,0.00477
Chloroflexus,0.00209,0.00265,0.00741,0.00525,0.00421,0.00387,0.01207,0.00746,0.00869,0.00556,0.00545,0.0013,0.00447,0.00477
Chloroherpeton,0.00209,0.00132,0.0,0.0015,0.0014,0.0,0.0,0.00124,0.0,0.00185,0.00061,0.0,0.00223,0.0
Chondrinema,0.0,0.00132,0.0,0.0,0.0,0.00097,0.0,0.00124,0.0,0.0,0.00121,0.00173,0.0,0.00119
Chondromyces,0.05422,0.03312,0.03855,0.02775,0.01965,0.02517,0.02011,0.03606,0.06081,0.05006,0.0224,0.00954,0.02122,0.02504
Chordicoccus,0.00209,0.00397,0.00297,0.00075,0.0014,0.00194,0.0,0.0,0.0,0.00185,0.00061,0.00043,0.00112,0.00358
Christensenella,0.00209,0.00132,0.00148,0.0,0.0014,0.00097,0.0,0.0,0.0,0.00185,0.00182,0.00087,0.00223,0.0
Christiangramia,0.00209,0.00265,0.0,0.0045,0.0014,0.00097,0.0,0.00622,0.0,0.00556,0.00182,0.00867,0.00112,0.00715
Chromobacterium,0.10218,0.08743,0.07562,0.16273,0.07858,0.07745,0.06837,0.09699,0.139,0.13535,0.10476,0.08842,0.16309,0.11804
Chromohalobacter,0.00209,0.0053,0.0089,0.00975,0.00281,0.00775,0.01609,0.00249,0.00579,0.00185,0.00787,0.0078,0.00894,0.00477
Chroococcidiopsis,0.00626,0.00265,0.00445,0.0015,0.0,0.01355,0.00402,0.00373,0.00579,0.00371,0.00061,0.00173,0.00223,0.00596
Chryseobacterium,0.01251,0.02517,0.0341,0.05099,0.02105,0.01839,0.01207,0.02114,0.02606,0.0445,0.03694,0.27306,0.02681,0.02742
Chryseolinea,0.01043,0.0053,0.00593,0.021,0.00421,0.00387,0.0,0.00622,0.0029,0.00742,0.01272,0.00433,0.00112,0.00477
Chthonomonas,0.00626,0.0,0.00148,0.00225,0.0,0.00194,0.00402,0.00249,0.0029,0.0,0.00242,0.00043,0.00223,0.0
Ciceribacter,0.02919,0.0106,0.02669,0.01425,0.02245,0.01549,0.01609,0.00622,0.01448,0.01112,0.01514,0.01647,0.00782,0.01073
Cinunavirus,0.0,0.0,0.0,0.0,0.0,0.00097,0.0,0.0,0.0,0.0,0.0,0.0,0.0,0.0
Citricoccus,0.01877,0.00927,0.01186,0.015,0.01403,0.03195,0.00402,0.0286,0.02317,0.02596,0.01514,0.01994,0.02011,0.01431
Citrifermentans,0.03336,0.05961,0.0089,0.00975,0.03789,0.01839,0.04022,0.03606,0.04923,0.04821,0.03088,0.01257,0.02681,0.04412
Citrobacter,0.04796,0.09007,0.02521,0.04949,0.03368,0.02324,0.0925,0.03357,0.03185,0.05377,0.03815,0.03901,0.11394,0.05246
Citromicrobium,0.01043,0.0053,0.0089,0.0285,0.01123,0.00678,0.00402,0.00746,0.01448,0.01112,0.01574,0.02514,0.01005,0.00954
Claveliimonas,0.00209,0.0,0.0,0.00075,0.0,0.0,0.0,0.0,0.0,0.0,0.00061,0.00043,0.0,0.00119
Clavibacter,0.03336,0.03709,0.04893,0.05924,0.03929,0.0455,0.03218,0.04228,0.06081,0.05006,0.03391,0.03597,0.06591,0.0465
Cloacibacillus,0.0,0.00132,0.0,0.0,0.0014,0.00194,0.00402,0.0,0.0,0.0,0.00121,0.00043,0.00112,0.00119
Cloacibacterium,0.0,0.00265,0.0,0.00525,0.0,0.00097,0.0,0.00124,0.00579,0.0,0.01029,6.26214,0.0,0.0
Cloacimonas,0.0,0.00132,0.0,0.0,0.0014,0.0,0.0,0.0,0.0,0.0,0.00061,0.0,0.0,0.0
Clostridioides,0.0,0.0,0.00148,0.00075,0.00561,0.0029,0.0,0.00124,0.0,0.0,0.00061,0.0052,0.00223,0.00119
Clostridium,0.02294,0.01192,0.01335,0.015,0.02386,0.03001,0.01609,0.0286,0.03475,0.02966,0.03694,0.04594,0.04021,0.05485
Clownvirus,0.0,0.0,0.0,0.0,0.0,0.0,0.0,0.0,0.0,0.0,0.0,0.0,0.00112,0.0
Cnuibacter,0.00417,0.0,0.00741,0.0105,0.00421,0.01162,0.0,0.01244,0.01158,0.00927,0.00848,0.0104,0.00112,0.00358
Cobetia,0.01043,0.01325,0.0089,0.01725,0.01684,0.01839,0.00804,0.0087,0.01737,0.01112,0.01393,0.00737,0.01229,0.02027
Cognaticolwellia,0.0,0.0,0.0,0.00075,0.0,0.0,0.0,0.0,0.0,0.0,0.00182,0.0,0.00223,0.00119
Cognatishimia,0.00834,0.00265,0.00148,0.003,0.00561,0.00194,0.00402,0.00124,0.0,0.00185,0.0109,0.0104,0.00335,0.00596
Cohaesibacter,0.06047,0.07683,0.08749,0.08999,0.07578,0.0639,0.05228,0.07212,0.04923,0.0686,0.05874,0.03337,0.07261,0.07512
Cohnella,0.00209,0.0053,0.01186,0.00975,0.01123,0.00484,0.01609,0.00995,0.00579,0.00556,0.00545,0.0026,0.00894,0.00596
Colletotrichum,0.00417,0.01192,0.00297,0.00975,0.00281,0.00775,0.00402,0.00746,0.0029,0.0,0.00727,0.00693,0.00112,0.00715
Collimonas,0.06047,0.07418,0.04004,0.05924,0.07157,0.05906,0.05228,0.04725,0.09556,0.07231,0.06237,0.04681,0.07931,0.05246
Collinsella,0.01877,0.0053,0.0,0.00825,0.00561,0.00678,0.00402,0.01368,0.00869,0.0,0.00908,0.08235,0.0067,0.00358
Colossusvirus,0.0,0.0,0.0,0.00075,0.0,0.0,0.0,0.00124,0.0,0.0,0.0,0.0,0.0,0.0
Colwellia,0.0,0.0,0.00148,0.00525,0.00281,0.00968,0.0,0.00249,0.0029,0.00927,0.00545,0.00477,0.02234,0.00954
Comamonas,0.49003,0.7206,0.24911,1.02436,0.42238,0.32336,0.19305,0.44891,0.6834,0.65633,1.21288,0.85818,0.52949,0.76669
Commensalibacter,0.0,0.0,0.0,0.0,0.0,0.00194,0.00402,0.0,0.0,0.0,0.00121,0.00043,0.0,0.0
Companilactobacillus,0.0,0.0,0.0,0.00075,0.0014,0.00097,0.0,0.0,0.00579,0.0,0.00121,0.00173,0.00223,0.0
Competibacter,0.0,0.0,0.0,0.0,0.0,0.00097,0.0,0.0,0.0,0.0,0.0,0.00087,0.0,0.0
Conchiformibius,0.0,0.0,0.0,0.0,0.0,0.0,0.0,0.0,0.0,0.00371,0.0,0.0,0.00559,0.00358
Conexibacter,0.30445,0.23843,0.39887,0.18897,0.37747,0.69415,0.51078,0.32083,0.31274,0.254,0.15078,0.09189,0.25469,0.13951
Conexivisphaera,0.00209,0.0,0.00148,0.0,0.0,0.00097,0.00402,0.0,0.0,0.0,0.0,0.00087,0.00112,0.0
Congregibacter,0.00626,0.0,0.01186,0.00075,0.00421,0.00097,0.0,0.00746,0.00579,0.00556,0.00182,0.00433,0.00782,0.00238
Contubernalis,0.00209,0.0,0.0,0.0,0.0,0.0,0.00804,0.0,0.0029,0.0,0.00061,0.0,0.0,0.0
Coopervirus,0.0,0.0,0.0,0.0,0.0,0.00097,0.0,0.0,0.0,0.0,0.0,0.0,0.0,0.0
Coprobacter,0.0,0.0,0.00148,0.0015,0.0,0.0,0.0,0.0,0.00869,0.0,0.0,0.00043,0.00447,0.0
Coprococcus,0.0,0.0,0.0,0.00075,0.0,0.00194,0.0,0.0,0.00579,0.0,0.00303,0.0156,0.0,0.00119
Coprothermobacter,0.0,0.00132,0.00148,0.0,0.0,0.0,0.0,0.00124,0.0,0.0,0.0,0.0,0.00112,0.00119
Coraliomargarita,0.00209,0.00265,0.00148,0.006,0.00561,0.00194,0.0,0.00249,0.0029,0.00742,0.00303,0.00173,0.00223,0.00477
Corallococcus,0.07924,0.0808,0.0519,0.06074,0.05473,0.04453,0.0362,0.07337,0.10425,0.1372,0.06782,0.02817,0.0916,0.10135
Coriobacterium,0.00209,0.00132,0.00148,0.00225,0.0014,0.0029,0.0,0.00124,0.0,0.0,0.00061,0.00043,0.00223,0.0
Corynebacterium,0.26483,0.23578,0.29508,0.30296,0.24557,0.37079,0.18098,0.23627,0.32143,0.2503,0.2083,0.23665,0.22118,0.24682
Costertonia,0.0,0.0,0.00148,0.0,0.0,0.0,0.0,0.0,0.0,0.00185,0.0,0.0013,0.0,0.0
Couchioplanes,0.0417,0.02517,0.0341,0.0225,0.02807,0.05422,0.02413,0.02984,0.02027,0.01669,0.02422,0.01387,0.03463,0.01431
Coxiella,0.00834,0.0053,0.00445,0.00375,0.00281,0.00194,0.0,0.00124,0.0029,0.00927,0.00182,0.00303,0.00223,0.00954
Crassaminicella,0.0,0.0,0.0,0.0,0.0,0.00194,0.00402,0.0,0.0,0.0,0.00182,0.0013,0.0,0.00238
Crateriforma,0.00417,0.00265,0.0,0.00525,0.00421,0.0029,0.0,0.00249,0.0029,0.00742,0.00424,0.00043,0.00223,0.00358
Crenobacter,0.01877,0.01987,0.01779,0.03075,0.00842,0.02517,0.02011,0.03482,0.01737,0.05377,0.01877,0.01474,0.02234,0.04173
Crinalium,0.0,0.00397,0.00593,0.0,0.0,0.00097,0.0,0.00249,0.0,0.00371,0.0,0.00043,0.0,0.00119
Croceibacter,0.0,0.0,0.0,0.00075,0.0,0.0,0.0,0.0,0.0,0.0,0.00061,0.00217,0.0,0.0
Croceibacterium,0.02502,0.02782,0.02966,0.08399,0.03368,0.02517,0.00804,0.02363,0.02896,0.0241,0.03088,0.06025,0.01676,0.04769
Croceicoccus,0.06464,0.0755,0.07414,0.17323,0.07157,0.07067,0.05228,0.05471,0.07819,0.08899,0.10173,0.16253,0.02458,0.07989
Croceimicrobium,0.0,0.00132,0.00148,0.0015,0.0014,0.0,0.0,0.0,0.0,0.0,0.00061,0.0013,0.00223,0.0
Crocodylidpoxvirus,0.0,0.0,0.0,0.0,0.0,0.0,0.0,0.0,0.0,0.0,0.00061,0.0,0.0,0.0
Crocosphaera,0.0,0.00132,0.00445,0.0,0.0,0.0,0.0,0.0,0.0,0.0,0.0,0.0,0.00112,0.00119
Cronobacter,0.00417,0.00927,0.01038,0.0075,0.00982,0.02033,0.02011,0.01119,0.01448,0.01483,0.00727,0.00303,0.01899,0.01073
Cronusvirus,0.0,0.0,0.0,0.0,0.0,0.0,0.0,0.0,0.0,0.0,0.0,0.00043,0.0,0.0
Crossiella,0.00626,0.01987,0.04893,0.02475,0.02807,0.06583,0.01609,0.01244,0.01737,0.01854,0.02543,0.0143,0.01564,0.02146
Cruoricaptor,0.0,0.0,0.0,0.00075,0.0,0.0,0.0,0.0,0.0,0.00185,0.00061,0.00173,0.0,0.00119
Cryobacterium,0.03128,0.03974,0.04448,0.04799,0.03648,0.06971,0.01609,0.03357,0.04344,0.02966,0.03512,0.03814,0.03575,0.02742
Cryptobacterium,0.0,0.0,0.0,0.0,0.0,0.0,0.0,0.0,0.0029,0.0,0.0,0.0,0.0,0.00238
Cryptococcus,0.0,0.00265,0.00148,0.0015,0.0014,0.00387,0.0,0.0,0.0,0.00185,0.00121,0.00477,0.0,0.0
Cryptomonas,0.0,0.00132,0.0,0.00075,0.0,0.0,0.0,0.0,0.0,0.0,0.00061,0.0,0.0,0.0
Cryptosporidium,0.0,0.0,0.0,0.00225,0.0014,0.00097,0.0,0.00249,0.0,0.00185,0.00121,0.00563,0.0,0.0
Cupriavidus,0.84244,0.66761,0.75474,0.97862,0.60901,0.70383,0.50273,0.82197,1.08013,0.98635,0.98278,0.56562,0.81323,0.80962
Curtobacterium,0.12511,0.10862,0.18832,0.16873,0.16699,0.15877,0.08848,0.19275,0.22008,0.13905,0.14533,0.15127,0.12735,0.12758
Curvibacter,0.03962,0.0914,0.00593,0.06374,0.02386,0.01549,0.03218,0.01244,0.02606,0.02596,0.12837,0.07672,0.04245,0.08466
Cutaneotrichosporon,0.00209,0.0,0.0,0.00225,0.0,0.00097,0.0,0.00124,0.0,0.00185,0.00061,0.00347,0.00335,0.00119
Cutibacterium,0.01043,0.01325,0.01928,0.012,0.01403,0.01452,0.00804,0.01617,0.02606,0.02039,0.00666,0.02167,0.01676,0.01073
Cyanobacterium,0.0,0.0,0.00148,0.00075,0.0,0.0029,0.0,0.0,0.0,0.00185,0.0,0.0,0.0,0.00119
Cyanobium,0.0146,0.01325,0.01483,0.012,0.01403,0.00775,0.00402,0.0199,0.01448,0.01669,0.00666,0.0039,0.02234,0.00954
Cyclobacterium,0.00209,0.00132,0.0,0.003,0.00281,0.0,0.0,0.00124,0.0,0.0,0.00121,0.0,0.0,0.0
Cycloclasticus,0.0,0.0,0.0,0.0,0.0014,0.00194,0.00402,0.00249,0.0029,0.00185,0.00242,0.00087,0.0067,0.00477
Cyclonatronum,0.0,0.0,0.0,0.0,0.0014,0.00097,0.0,0.00124,0.0,0.0,0.00121,0.00043,0.00223,0.0
Cylindrospermopsis,0.0,0.0,0.00445,0.0,0.0,0.0,0.0,0.0,0.0,0.0,0.0,0.0,0.0,0.0
Cylindrospermum,0.0,0.0,0.00148,0.0015,0.0,0.0,0.00402,0.0,0.0,0.00371,0.00061,0.00043,0.0,0.00119
Cysteiniphilum,0.0,0.0,0.0,0.0,0.0,0.0,0.0,0.0,0.0,0.0,0.0,0.0,0.00112,0.0
Cystobacter,0.02085,0.03576,0.01928,0.01875,0.00421,0.01162,0.04022,0.03482,0.0695,0.05377,0.02664,0.01084,0.0458,0.02981
Cytobacillus,0.0,0.01457,0.00297,0.00075,0.0014,0.0029,0.0,0.0,0.0,0.00556,0.00242,0.0013,0.00335,0.00238
Cytomegalovirus,0.0,0.0,0.0,0.0,0.0,0.0,0.0,0.0,0.0,0.0,0.0,0.0,0.0,0.00119
Cytomitobacter,0.00209,0.00132,0.0,0.0,0.0014,0.0,0.0,0.0,0.0,0.0,0.0,0.00087,0.00112,0.0
Cytophaga,0.00417,0.00265,0.00148,0.00075,0.0,0.0,0.0,0.0,0.0,0.00185,0.00061,0.00087,0.0,0.00119
Dactylococcopsis,0.0,0.0,0.00148,0.0,0.0,0.0,0.0,0.0,0.0,0.0,0.0,0.0,0.00223,0.00119
Dactylosporangium,0.12929,0.19472,0.14828,0.13123,0.16418,0.27882,0.11663,0.14798,0.08398,0.11681,0.11445,0.09405,0.10165,0.1097
Daredevilvirus,0.0,0.0,0.0,0.00075,0.0,0.0,0.0,0.0,0.0,0.0,0.0,0.0,0.0,0.0
Debaryomyces,0.0,0.00132,0.00148,0.0,0.0,0.00097,0.0,0.0,0.0,0.0,0.0,0.00043,0.00112,0.00119
Dechloromonas,0.06881,0.15631,0.0341,0.09449,0.10945,0.05615,0.04826,0.29098,1.15252,0.78797,0.66245,2.86148,0.11506,0.17885
Deefgea,0.0,0.00265,0.00148,0.00675,0.00421,0.00387,0.01207,0.00124,0.0,0.01112,0.00303,0.00433,0.01676,0.01073
Deferribacter,0.0,0.0,0.0,0.0,0.0,0.0,0.0,0.0,0.0,0.0,0.00061,0.0,0.00112,0.0
Defluviicoccus,0.01043,0.01457,0.02076,0.0195,0.0449,0.04066,0.03218,0.03233,0.01158,0.00927,0.01514,0.01777,0.01452,0.02623
Defluviitoga,0.00209,0.00132,0.0,0.0,0.0,0.0,0.0,0.0,0.0,0.0,0.00061,0.0,0.00112,0.0
Dehalobacter,0.00209,0.0,0.00148,0.0015,0.0014,0.0029,0.0,0.0,0.0,0.00185,0.00121,0.00043,0.0,0.0
Dehalobacterium,0.0,0.0,0.0,0.0,0.0014,0.0,0.0,0.0,0.0,0.0,0.0,0.0,0.0,0.0
Dehalococcoides,0.0,0.00265,0.00297,0.00075,0.00281,0.00387,0.00402,0.00497,0.02606,0.00556,0.0,0.00087,0.00335,0.00238
Dehalogenimonas,0.0,0.00662,0.00148,0.0015,0.00281,0.00194,0.00804,0.00373,0.01158,0.00371,0.00303,0.00043,0.00335,0.00596
Deianiraea,0.0,0.0,0.0,0.00075,0.0,0.0,0.0,0.0,0.0,0.0,0.0,0.0,0.0,0.0
Deinococcus,0.12094,0.10465,0.13345,0.10349,0.09823,0.09004,0.05631,0.08829,0.36487,0.08899,0.08054,0.04811,0.105,0.14308
Delftia,0.25649,0.35235,0.14235,0.46944,0.2582,0.21977,0.13674,0.3743,0.66893,0.58773,0.69091,0.83304,0.23123,0.3279
Demequina,0.01877,0.01192,0.01186,0.024,0.02666,0.01259,0.00804,0.02114,0.02606,0.01669,0.01877,0.03944,0.02346,0.02027
Denitratisoma,0.07715,0.05166,0.04893,0.04874,0.04771,0.05422,0.06435,0.05969,0.11873,0.07787,0.07145,0.06761,0.09718,0.05246
Denitrificimonas,0.0,0.0,0.0,0.00075,0.0,0.0,0.0,0.00124,0.0,0.00185,0.00061,0.00043,0.00112,0.00119
Denitrobacterium,0.00417,0.0,0.0,0.0,0.00281,0.00387,0.00402,0.0,0.0029,0.0,0.00061,0.00043,0.00112,0.00119
Denitrovibrio,0.00209,0.0,0.00148,0.0015,0.0,0.0,0.0,0.0,0.0,0.0,0.00061,0.00087,0.0,0.0
Dermabacter,0.00626,0.01457,0.01335,0.00675,0.0014,0.00581,0.0,0.00622,0.01158,0.00927,0.00424,0.0039,0.0067,0.01073
Dermacoccus,0.02711,0.01192,0.02224,0.02175,0.01544,0.01065,0.0,0.02363,0.02896,0.0241,0.01877,0.03597,0.02569,0.01908
Dermatobacter,0.11677,0.12716,0.16904,0.14548,0.05894,0.07164,0.0362,0.1144,0.19981,0.15203,0.08417,0.06718,0.02904,0.14666
Dermatophilus,0.0,0.00132,0.0,0.00075,0.0014,0.00194,0.0,0.0,0.0029,0.00556,0.00121,0.00087,0.0,0.0
Desulfarculus,0.01043,0.00265,0.00741,0.00675,0.0014,0.01065,0.00804,0.01617,0.01737,0.00185,0.00242,0.0039,0.0067,0.01431
Desulfatibacillum,0.00209,0.00397,0.00148,0.00075,0.0014,0.00581,0.00804,0.00373,0.02317,0.00185,0.00061,0.0026,0.00112,0.00715
Desulfitobacterium,0.0,0.00397,0.0,0.0,0.0014,0.00194,0.00402,0.00124,0.0,0.00185,0.0,0.0013,0.00335,0.00119
Desulfobacca,0.00417,0.00265,0.0,0.00075,0.00702,0.00484,0.02413,0.00249,0.0,0.01298,0.00182,0.00347,0.0134,0.00477
Desulfobacter,0.01043,0.00927,0.00297,0.006,0.01123,0.00678,0.01609,0.00995,0.01158,0.00927,0.00606,0.0026,0.01117,0.0155
Desulfobacula,0.0,0.0,0.00148,0.0,0.0014,0.00097,0.00402,0.00124,0.00579,0.0,0.00061,0.00043,0.00335,0.0
Desulfobaculum,0.0,0.0,0.0,0.0,0.00281,0.00097,0.0,0.0,0.0029,0.0,0.0,0.0,0.00112,0.00119
Desulfobulbus,0.02294,0.01987,0.00741,0.00975,0.01965,0.01839,0.03218,0.01865,0.02896,0.03708,0.05086,0.0195,0.03016,0.031
Desulfocapsa,0.0,0.0,0.0,0.0,0.0,0.0,0.0,0.00249,0.0,0.0,0.00242,0.00087,0.0,0.0
Desulfococcus,0.00834,0.00265,0.0,0.0,0.00842,0.0029,0.00402,0.00746,0.01158,0.00556,0.00242,0.0026,0.00894,0.00715
Desulfocurvibacter,0.0146,0.00397,0.00297,0.00675,0.00702,0.00678,0.00402,0.00249,0.01158,0.01112,0.00242,0.00303,0.01005,0.00835
Desulfofarcimen,0.0,0.0,0.0,0.0,0.0014,0.0,0.00402,0.0,0.0,0.0,0.0,0.0,0.0,0.00119
Desulfofervidus,0.0,0.00132,0.0,0.0,0.0,0.00097,0.00402,0.0,0.0,0.0,0.0,0.0,0.0,0.00358
Desulfofustis,0.00417,0.00397,0.00445,0.0015,0.00421,0.00097,0.00402,0.00373,0.0029,0.0,0.00182,0.00087,0.00335,0.00835
Desulfoglaeba,0.0,0.00397,0.00445,0.0045,0.00842,0.00581,0.0,0.00622,0.01158,0.00927,0.00303,0.00173,0.0067,0.01073
Desulfogranum,0.0,0.0,0.0,0.0015,0.0,0.0,0.0,0.00124,0.0,0.0,0.00061,0.0,0.00223,0.0
Desulfohalobium,0.0,0.00397,0.0,0.0015,0.0014,0.00194,0.00402,0.00124,0.0029,0.00371,0.00242,0.00087,0.00447,0.0
Desulfolithobacter,0.0,0.0,0.00148,0.003,0.0014,0.00097,0.0,0.0,0.00579,0.00185,0.00121,0.00087,0.00782,0.00477
Desulfoluna,0.0,0.00132,0.00148,0.00225,0.0014,0.00194,0.0,0.00249,0.00579,0.00185,0.0,0.00087,0.00335,0.00358
Desulfolutivibrio,0.00834,0.00397,0.0089,0.0045,0.00842,0.00968,0.01207,0.00622,0.01448,0.00742,0.00666,0.00477,0.02011,0.00596
Desulfomarina,0.0,0.0,0.00148,0.0,0.0014,0.00194,0.0,0.0,0.0029,0.0,0.0,0.00087,0.00447,0.00119
Desulfomicrobium,0.01043,0.00397,0.0089,0.00525,0.00842,0.00581,0.0,0.00124,0.01737,0.01298,0.00303,0.00607,0.0067,0.01312
Desulfomonile,0.00417,0.00662,0.00297,0.0015,0.00421,0.00871,0.0,0.00124,0.00579,0.00742,0.00182,0.00173,0.00447,0.00715
Desulfonema,0.00209,0.00132,0.00148,0.0015,0.00421,0.00097,0.0,0.00373,0.0,0.00556,0.00061,0.00087,0.00894,0.00358
Desulfopila,0.00209,0.0,0.0,0.00075,0.00281,0.00097,0.0,0.0,0.0,0.00371,0.00182,0.00087,0.00335,0.0
Desulforamulus,0.00209,0.00132,0.00148,0.0015,0.0014,0.0,0.00402,0.00124,0.0029,0.00185,0.00061,0.00087,0.00447,0.00238
Desulforapulum,0.0,0.00265,0.0,0.0,0.0,0.0,0.00804,0.0,0.0,0.00185,0.00061,0.0,0.00447,0.00358
Desulforudis,0.00209,0.00397,0.00445,0.0015,0.00702,0.00581,0.00804,0.00124,0.00579,0.00371,0.00121,0.0013,0.00559,0.00119
Desulfosarcina,0.01668,0.01987,0.02669,0.02025,0.03227,0.03098,0.0925,0.01741,0.03185,0.03708,0.01453,0.01517,0.04357,0.02504
Desulfoscipio,0.0,0.00132,0.00148,0.00075,0.0014,0.0,0.00804,0.0,0.0029,0.0,0.0,0.00043,0.00223,0.00238
Desulfosediminicola,0.0,0.00265,0.0,0.00225,0.0014,0.00387,0.0,0.00249,0.0029,0.0,0.00182,0.00087,0.00223,0.0
Desulfosporosinus,0.00417,0.00265,0.0,0.0015,0.0014,0.00194,0.0,0.0,0.0029,0.0,0.00242,0.00173,0.01005,0.00477
Desulfosudis,0.00209,0.00132,0.00297,0.0015,0.0014,0.0029,0.0,0.00373,0.02027,0.00185,0.00303,0.00217,0.00447,0.00358
Desulfotalea,0.0,0.0,0.0,0.0015,0.0,0.00097,0.0,0.0,0.0,0.00556,0.00121,0.00043,0.0,0.0
Desulfotomaculum,0.0,0.0,0.0,0.0015,0.0014,0.0,0.00402,0.00124,0.0,0.0,0.00061,0.0,0.0,0.0
Desulfovibrio,0.02502,0.01325,0.02521,0.0165,0.02245,0.01936,0.01609,0.01368,0.03185,0.02596,0.01938,0.01777,0.02346,0.03816
Desulfurispirillum,0.00209,0.00132,0.0,0.00075,0.00421,0.0029,0.0,0.0,0.0,0.0,0.00303,0.0013,0.0,0.00238
Desulfurivibrio,0.0,0.00397,0.00297,0.00225,0.00702,0.00387,0.01609,0.00373,0.01158,0.01669,0.00182,0.0026,0.0067,0.00596
Desulfurobacterium,0.0,0.0,0.0,0.0,0.0,0.0,0.0,0.0,0.0,0.00185,0.0,0.0,0.0,0.0
Desulfuromonas,0.05213,0.05166,0.04004,0.03675,0.04631,0.02808,0.05228,0.04228,0.08108,0.06304,0.03694,0.0208,0.08825,0.0632
Desulfuromusa,0.0,0.00265,0.0,0.0,0.0014,0.00194,0.00402,0.0,0.00579,0.0,0.00061,0.0,0.00112,0.00119
Dethiosulfovibrio,0.0,0.0,0.0,0.0,0.00281,0.0,0.00402,0.0,0.0,0.0,0.0,0.00087,0.0,0.00119
Devosia,0.28151,0.30996,0.31435,0.27596,0.3003,0.25559,0.21316,0.27109,0.24614,0.20951,0.32699,0.18161,0.2223,0.30525
Devriesea,0.0,0.00132,0.00148,0.0015,0.0,0.00484,0.00402,0.00124,0.0029,0.0,0.00242,0.0013,0.00223,0.00238
Dhillonvirus,0.0,0.0,0.0,0.0,0.0,0.0,0.0,0.0,0.0,0.0,0.0,0.0,0.00112,0.00119
Dialister,0.00209,0.00132,0.00148,0.00075,0.00281,0.0,0.0,0.0,0.0,0.00185,0.00121,0.00477,0.00112,0.00358
Diaminobutyricimonas,0.00209,0.0,0.01038,0.003,0.00982,0.00775,0.0,0.01119,0.0,0.00185,0.00484,0.00563,0.00782,0.00238
Diaphorobacter,0.30862,0.36825,0.17349,0.52193,0.29188,0.20815,0.20109,0.23005,0.44595,0.42458,0.62915,0.81051,0.28374,0.39229
Dichelobacter,0.0,0.0,0.01483,0.0,0.0,0.00097,0.0,0.0,0.0029,0.0,0.0,0.00043,0.00223,0.0
Dickeya,0.03128,0.01457,0.01483,0.027,0.02105,0.02808,0.01207,0.0199,0.04344,0.0445,0.02301,0.01084,0.04357,0.03458
Dictyoglomus,0.0,0.0,0.0,0.0,0.0,0.0,0.0,0.00249,0.00579,0.00185,0.00121,0.0,0.00112,0.0
Dictyostelium,0.00417,0.00397,0.00445,0.00825,0.00281,0.00387,0.00804,0.00124,0.00579,0.00371,0.00363,0.0156,0.00223,0.0
Dietzia,0.02502,0.02384,0.0519,0.03675,0.03508,0.04841,0.02815,0.05098,0.04054,0.05377,0.0333,0.03641,0.04468,0.03696
Dinoroseobacter,0.01251,0.00397,0.01335,0.01875,0.01123,0.00775,0.01609,0.01244,0.00869,0.0,0.01635,0.03814,0.01787,0.01431
Dissulfurimicrobium,0.0,0.0,0.00297,0.0,0.0014,0.0,0.0,0.00124,0.0,0.0,0.00121,0.00043,0.00335,0.00238
Dissulfurispira,0.0,0.0,0.00148,0.00075,0.0014,0.00194,0.00402,0.00124,0.00579,0.0,0.00061,0.00043,0.00894,0.00358
Dokdonella,0.02502,0.01987,0.03262,0.04799,0.02245,0.03001,0.00402,0.04228,0.04054,0.02039,0.01635,0.00737,0.02793,0.02265
Dokdonia,0.0,0.0,0.0,0.00075,0.0,0.0,0.0,0.00124,0.0,0.0,0.00363,0.00217,0.0,0.0
Dolichospermum,0.0,0.0,0.01038,0.00075,0.0,0.00097,0.0,0.00124,0.0,0.0,0.00061,0.00043,0.00223,0.01073
Dolosigranulum,0.00209,0.0,0.0,0.00075,0.0014,0.0,0.0,0.0,0.0,0.0,0.0,0.0,0.00112,0.0
Domibacillus,0.0,0.0,0.00148,0.00075,0.0,0.0,0.0,0.00124,0.0,0.0,0.00061,0.0,0.00112,0.0
Dongdastvirus,0.0,0.0,0.0,0.0,0.0,0.00097,0.0,0.0,0.0,0.0,0.0,0.0,0.0,0.0
Dongshaea,0.00209,0.0,0.00148,0.00075,0.0014,0.00097,0.0,0.00249,0.0,0.0,0.00182,0.00043,0.00335,0.00477
Doolittlea,0.00209,0.0,0.0,0.0,0.0,0.0,0.0,0.0,0.0,0.00185,0.0,0.0,0.00112,0.0
Dorea,0.0,0.0,0.0,0.0015,0.0,0.0,0.0,0.0,0.0,0.0,0.00061,0.03597,0.0,0.00119
Draconibacterium,0.00209,0.0106,0.00593,0.012,0.01123,0.00387,0.00804,0.00124,0.01158,0.00185,0.00908,0.01864,0.01005,0.00835
Drechmeria,0.0,0.0,0.00445,0.00225,0.00421,0.00484,0.00804,0.00373,0.0029,0.0,0.00545,0.0026,0.00335,0.00238
Duffyella,0.0,0.0,0.00148,0.003,0.0014,0.00194,0.0,0.0,0.0029,0.00185,0.00061,0.00173,0.0,0.00119
Duganella,0.03336,0.03047,0.03707,0.04349,0.0449,0.02614,0.02815,0.03233,0.03475,0.02966,0.04178,0.03294,0.03128,0.05604
Duncaniella,0.0,0.0,0.00148,0.00375,0.00281,0.0,0.0,0.00249,0.0,0.0,0.00061,0.00043,0.00335,0.0
Duodenibacillus,0.00417,0.00132,0.00297,0.00675,0.00561,0.00484,0.0,0.00249,0.0,0.01112,0.00303,0.0039,0.00335,0.00596
Dyadobacter,0.01043,0.01854,0.01631,0.01575,0.00421,0.00678,0.00402,0.0087,0.01448,0.00742,0.00787,0.00737,0.0134,0.01192
Dyella,0.09592,0.06226,0.08897,0.10799,0.0856,0.05422,0.02815,0.07834,0.08398,0.07045,0.05268,0.03554,0.09272,0.07273
Dysgonomonas,0.0,0.00662,0.00297,0.0,0.0014,0.00194,0.0,0.0,0.0,0.0,0.00061,0.00043,0.00223,0.0
Dysosmobacter,0.0,0.00795,0.01335,0.00075,0.0014,0.00097,0.0,0.0087,0.0,0.00185,0.00303,0.00347,0.00112,0.00358
Echinicola,0.00626,0.0053,0.00148,0.00975,0.0,0.00194,0.0,0.00124,0.0,0.00185,0.00484,0.00217,0.00223,0.00238
Ectobacillus,0.0,0.0,0.0,0.0,0.0,0.0,0.0,0.00249,0.0,0.0,0.0,0.00043,0.00112,0.0
Ectothiorhodosinus,0.00209,0.00265,0.0,0.003,0.0,0.0029,0.00402,0.0,0.0,0.0,0.00242,0.00173,0.00559,0.00119
Ectothiorhodospira,0.02502,0.01722,0.00297,0.0135,0.01263,0.01549,0.00804,0.00995,0.01158,0.01483,0.0109,0.0078,0.02793,0.01312
Edaphobacter,0.03962,0.04106,0.03707,0.0255,0.06174,0.08132,0.02011,0.04228,0.02606,0.02596,0.01635,0.00303,0.06032,0.07393
Edenvirus,0.0,0.0,0.00148,0.0,0.0,0.0,0.0,0.0,0.0,0.0,0.0,0.0,0.0,0.0
Edwardsiella,0.00417,0.0106,0.0089,0.01725,0.01263,0.01259,0.00804,0.01244,0.00869,0.01298,0.00969,0.00737,0.01005,0.00954
Effusibacillus,0.0,0.0,0.0,0.0015,0.0,0.0,0.0,0.0,0.0,0.00185,0.00061,0.0013,0.0,0.00119
Eggerthella,0.02294,0.01192,0.01038,0.012,0.00421,0.00871,0.0,0.00995,0.00869,0.01112,0.01756,0.00607,0.00559,0.01073
Egibacter,0.03128,0.0,0.02224,0.00975,0.01824,0.01355,0.02413,0.01492,0.02896,0.00742,0.01635,0.0026,0.01787,0.00596
Egicoccus,0.02085,0.01854,0.01928,0.018,0.01684,0.01743,0.01207,0.02238,0.01737,0.02966,0.00848,0.00563,0.01564,0.0155
Ehrlichia,0.0,0.00132,0.0,0.00075,0.0,0.00194,0.0,0.0,0.0,0.0,0.0,0.00173,0.00112,0.00119
Eikenella,0.00834,0.00265,0.00445,0.00675,0.0014,0.0029,0.0,0.00249,0.0,0.0,0.01029,0.0052,0.01564,0.00954
Eleftheria,0.05839,0.08213,0.04893,0.08774,0.05613,0.02227,0.01609,0.08332,0.08398,0.07602,0.15683,0.05591,0.06144,0.06439
Elioraea,0.02502,0.0159,0.02966,0.01875,0.01684,0.01355,0.01609,0.01741,0.03185,0.02596,0.01453,0.01474,0.02569,0.01431
Elizabethkingia,0.0,0.00265,0.00297,0.006,0.0,0.00871,0.0,0.00124,0.0,0.00185,0.00182,0.07412,0.00335,0.00715
Elusimicrobium,0.00834,0.0,0.0,0.00075,0.00281,0.0,0.0,0.0,0.0,0.0,0.00061,0.0,0.00223,0.00119
Emcibacter,0.0,0.00132,0.0089,0.00225,0.0,0.00194,0.0,0.00373,0.0,0.00371,0.00363,0.0013,0.00335,0.00596
Emergencia,0.0,0.0,0.0,0.00075,0.0,0.00097,0.00402,0.00124,0.0,0.00185,0.00121,0.0,0.00112,0.0
Empedobacter,0.0,0.0,0.0,0.0,0.0014,0.0,0.0,0.00124,0.0029,0.0,0.00121,0.0065,0.0,0.00238
Emticicia,0.00209,0.0,0.0,0.0075,0.0,0.00097,0.0,0.00124,0.0,0.00556,0.01695,0.22581,0.00335,0.00596
Encephalitozoon,0.0,0.0,0.0,0.0,0.0,0.0,0.0,0.0,0.0029,0.00185,0.0,0.0,0.0,0.0
Endlipuvirus,0.0,0.0,0.0,0.0,0.0,0.0,0.0,0.0,0.0,0.0,0.0,0.00043,0.0,0.0
Endolissoclinum,0.0,0.00132,0.00297,0.0,0.0,0.0,0.0,0.00124,0.0,0.00371,0.00061,0.0,0.00223,0.00358
Endomicrobium,0.00209,0.00397,0.00297,0.00075,0.0,0.0029,0.00402,0.00373,0.0,0.0,0.00061,0.0052,0.00223,0.00119
Endoriftia,0.01043,0.0,0.00297,0.009,0.00561,0.00968,0.00402,0.00497,0.0029,0.01298,0.00363,0.00217,0.01676,0.01073
Endozoicomonas,0.00834,0.00132,0.00593,0.00675,0.00421,0.00581,0.0,0.00622,0.00869,0.00927,0.00363,0.00303,0.02458,0.00596
Eneladusvirus,0.0,0.0,0.0,0.0,0.0,0.0,0.0,0.0,0.0,0.0,0.0,0.00043,0.0,0.0
Enhydrobacter,0.23563,0.21724,0.29656,0.41694,0.2147,0.16265,0.08044,0.22632,0.23456,0.17613,0.12474,0.04594,0.11394,0.27067
Ensifer,0.07924,0.08875,0.11566,0.08924,0.09963,0.11811,0.06837,0.07212,0.05212,0.06304,0.06358,0.06631,0.06479,0.09658
Enterobacter,0.06464,0.24108,0.10824,0.13798,0.09542,0.11133,0.15283,0.08456,0.1361,0.13349,0.14351,0.11616,0.23123,0.17885
Enterocloster,0.00209,0.00132,0.00148,0.006,0.0,0.0,0.00402,0.00249,0.0029,0.00742,0.00182,0.00303,0.00112,0.00358
Enterococcus,0.0,0.00795,0.01335,0.006,0.01965,0.01162,0.00402,0.0,0.0,0.00371,0.00848,0.00867,0.00894,0.02027
Enterovibrio,0.0,0.0,0.0,0.0,0.0,0.0,0.0,0.0,0.0,0.00185,0.0,0.0,0.0067,0.0
Entomobacter,0.0,0.0,0.0,0.00075,0.0,0.00484,0.0,0.0,0.0,0.0,0.00061,0.0,0.0,0.00119
Entomomonas,0.0,0.00265,0.00148,0.0015,0.0,0.0029,0.00804,0.0,0.0,0.00371,0.00182,0.0013,0.00559,0.00596
Entomospira,0.00417,0.0,0.00148,0.0,0.0,0.0,0.0,0.00124,0.0,0.0,0.0,0.0,0.0,0.0
Ephemeroptericola,0.00626,0.00397,0.00297,0.003,0.0014,0.0029,0.00402,0.00124,0.0029,0.00185,0.00303,0.00303,0.00447,0.00238
Epidermidibacterium,0.0146,0.00927,0.01631,0.00825,0.01544,0.02033,0.00402,0.00995,0.01448,0.00927,0.00727,0.01084,0.00559,0.00477
Epilithonimonas,0.0,0.0,0.00148,0.0045,0.0,0.00194,0.00804,0.0,0.0,0.00371,0.00121,0.04594,0.00223,0.00477
Ereboglobus,0.03128,0.01325,0.00741,0.02925,0.02666,0.02517,0.02011,0.00622,0.03765,0.01112,0.01877,0.0026,0.00223,0.02146
Eremothecium,0.00209,0.00132,0.0,0.00075,0.0014,0.0,0.0,0.0,0.0,0.0,0.00424,0.00173,0.00112,0.0
Erwinia,0.0146,0.02119,0.02076,0.0195,0.01263,0.01355,0.0,0.01741,0.02317,0.01669,0.01211,0.013,0.03016,0.01669
Erysipelothrix,0.0,0.00132,0.0,0.0,0.0,0.0,0.0,0.0,0.0,0.0,0.00242,0.00173,0.00223,0.00119
Erythrobacter,0.11469,0.11127,0.13938,0.36445,0.17821,0.11908,0.10055,0.13057,0.16216,0.12422,0.23252,0.41349,0.0983,0.20151
Escherichia,0.0417,0.06226,0.02224,0.03225,0.04069,0.04744,0.0,0.00995,0.0695,0.08714,0.05268,0.06805,0.16979,0.06677
Ethanoligenens,0.0,0.00265,0.00148,0.003,0.00421,0.00097,0.0,0.0,0.0,0.0,0.00121,0.00087,0.0,0.00238
Eubacterium,0.0,0.0,0.0,0.0015,0.00561,0.0029,0.00402,0.00249,0.0,0.00556,0.00061,0.00347,0.00223,0.00477
Euhalothece,0.0,0.0,0.00297,0.0,0.00281,0.00194,0.0,0.0,0.0,0.0,0.0,0.0,0.0,0.0
Euzebya,0.0146,0.01722,0.02224,0.01575,0.01684,0.00581,0.00402,0.01119,0.00579,0.01298,0.01514,0.00824,0.00559,0.01192
Euzebyella,0.0,0.0,0.00148,0.00075,0.0,0.0029,0.0,0.00124,0.0,0.0,0.00061,0.0013,0.0,0.0
Evansella,0.0,0.0,0.0,0.0,0.0014,0.0,0.0,0.0,0.0,0.0,0.00061,0.0,0.00223,0.0
Ewingella,0.00417,0.00132,0.0,0.00225,0.0,0.00097,0.00402,0.00124,0.0029,0.00185,0.00121,0.0013,0.00335,0.0
Exiguobacterium,0.00417,0.00132,0.00297,0.00225,0.00982,0.0029,0.00402,0.00124,0.0,0.00927,0.00727,0.00303,0.00447,0.00238
Ezakiella,0.0,0.0,0.0,0.0,0.0,0.0,0.0,0.00497,0.0,0.0,0.0,0.0,0.00112,0.0
Facklamia,0.00209,0.0,0.0,0.0,0.0,0.0,0.0,0.0,0.0,0.0,0.0,0.0,0.00112,0.0
Fadolivirus,0.0,0.0,0.0,0.0,0.0,0.0,0.0,0.0,0.0,0.00185,0.0,0.0013,0.0,0.0
Faecalibacillus,0.0,0.0,0.0,0.0,0.0,0.0,0.0,0.0,0.0,0.0,0.00061,0.00043,0.0,0.00119
Faecalibacter,0.0,0.0,0.0,0.00075,0.0014,0.0,0.0,0.00124,0.0,0.0,0.00061,0.0013,0.0,0.00358
Faecalibacterium,0.00834,0.02384,0.00593,0.00975,0.01123,0.01162,0.0,0.0199,0.02027,0.01854,0.01817,0.07325,0.0067,0.01431
Faecalibaculum,0.00417,0.0,0.00148,0.0,0.0,0.0,0.0,0.00124,0.0,0.00185,0.0,0.0,0.0,0.00238
Faithunavirus,0.0,0.0,0.0,0.0,0.0,0.00097,0.0,0.0,0.0,0.0,0.0,0.0,0.0,0.0
Falsihalocynthiibacter,0.0,0.00662,0.00297,0.0015,0.0014,0.00194,0.0,0.00373,0.0,0.00185,0.00121,0.00087,0.00335,0.00477
Falsirhodobacter,0.00209,0.00662,0.00148,0.00525,0.00561,0.00097,0.00402,0.0087,0.0029,0.0,0.02059,0.05028,0.00223,0.00715
Fannyhessea,0.0,0.0,0.0,0.0,0.0,0.0,0.0,0.0,0.0,0.0,0.00061,0.0,0.0,0.0
Fenollaria,0.0,0.0,0.0,0.0,0.0,0.0,0.0,0.0,0.0029,0.0,0.0,0.0,0.0,0.0
Ferribacterium,0.03753,0.12584,0.02372,0.05774,0.06315,0.04066,0.02011,0.19399,0.91217,0.55436,0.6128,1.91227,0.08378,0.15381
Ferrigenium,0.02919,0.02914,0.03262,0.03525,0.14313,0.09197,0.04424,0.03606,0.04054,0.04264,0.01272,0.0182,0.07038,0.07035
Ferrimonas,0.00626,0.01457,0.0089,0.00975,0.00842,0.01259,0.00804,0.00497,0.00869,0.01112,0.00727,0.0039,0.00782,0.01192
Ferriphaselus,0.00209,0.01722,0.00445,0.0135,0.02807,0.01646,0.00402,0.00249,0.00869,0.01483,0.00848,0.00737,0.03686,0.02981
Ferroplasma,0.0,0.0,0.0,0.0,0.0,0.0,0.0,0.0,0.0,0.0,0.0,0.00043,0.00112,0.00119
Ferrovibrio,0.03962,0.02914,0.03707,0.02175,0.02105,0.01646,0.0,0.0199,0.03185,0.01669,0.01574,0.01127,0.01564,0.01908
Ferrovum,0.00626,0.00132,0.00148,0.006,0.00561,0.00775,0.0,0.00124,0.0,0.00556,0.00363,0.00433,0.0067,0.00238
Ferruginibacter,0.01251,0.05166,0.03114,0.0285,0.00842,0.01259,0.0,0.01244,0.02896,0.01669,0.04663,0.08018,0.00782,0.05485
Fervidibacillus,0.0,0.0,0.0,0.0,0.0,0.00097,0.0,0.0,0.0,0.0,0.0,0.0,0.0,0.00358
Fervidobacterium,0.0,0.0,0.00148,0.00075,0.0,0.0,0.00402,0.00124,0.0,0.0,0.0,0.0,0.0,0.00238
Fibrella,0.00209,0.0,0.00148,0.00075,0.0014,0.00194,0.0,0.00746,0.0,0.0,0.00182,0.00087,0.00335,0.00119
Fibrobacter,0.0,0.0,0.0,0.0,0.0,0.0,0.0,0.00249,0.0029,0.00371,0.00121,0.0,0.00112,0.00119
Fictibacillus,0.0,0.00132,0.00297,0.00225,0.0014,0.00097,0.00402,0.0,0.0,0.00185,0.00061,0.00173,0.00223,0.00119
Filifactor,0.00209,0.0,0.0,0.0,0.0,0.0,0.0,0.0,0.0,0.0,0.0,0.0,0.0,0.0
Filimonas,0.00417,0.00795,0.00297,0.00825,0.0014,0.0029,0.0,0.0087,0.0,0.00556,0.00848,0.0182,0.0,0.00596
Filomicrobium,0.02919,0.02649,0.02966,0.02175,0.02526,0.01549,0.03218,0.02363,0.01737,0.02225,0.01272,0.00563,0.02346,0.02265
Fimbriimonas,0.00626,0.00397,0.00148,0.006,0.00842,0.00387,0.0,0.00622,0.00579,0.00927,0.00363,0.00217,0.00335,0.00119
Finegoldia,0.0,0.0,0.00297,0.0,0.0014,0.00194,0.0,0.0,0.0,0.0,0.0,0.00043,0.0,0.0
Fischerella,0.00417,0.00132,0.0,0.0015,0.0,0.0,0.0,0.00124,0.0,0.00371,0.0,0.0013,0.0,0.00477
Flagellatimonas,0.02085,0.0053,0.00593,0.012,0.00561,0.00871,0.02011,0.00622,0.01158,0.01669,0.00787,0.00477,0.00782,0.01192
Flagellimonas,0.0,0.00265,0.0,0.0,0.0,0.00097,0.0,0.00124,0.0,0.0,0.00061,0.0013,0.0,0.0
Flammeovirga,0.0,0.00132,0.0,0.0015,0.0014,0.0,0.0,0.0,0.0029,0.00556,0.0,0.00303,0.00447,0.0
Flaviflexus,0.00209,0.00132,0.0089,0.0105,0.00842,0.00871,0.00402,0.0087,0.00869,0.00742,0.00484,0.0078,0.0067,0.00358
Flavihumibacter,0.01251,0.0106,0.01186,0.01725,0.00842,0.00775,0.00402,0.00746,0.00869,0.00927,0.01695,0.02644,0.00894,0.02504
Flaviramulus,0.0,0.0,0.0,0.0,0.0,0.0,0.0,0.0,0.0,0.0,0.00061,0.0013,0.0,0.0
Flavisolibacter,0.00209,0.0106,0.01186,0.0195,0.00281,0.00194,0.00402,0.01119,0.00579,0.00556,0.01695,0.01387,0.0067,0.0155
Flavivirga,0.0,0.0,0.00148,0.0,0.0,0.0,0.0,0.0,0.0,0.0,0.00121,0.00087,0.00112,0.0
Flavobacterium,0.04379,0.07418,0.06524,0.08474,0.02807,0.03098,0.02011,0.09699,0.04344,0.06118,0.14533,1.42077,0.04692,0.12043
Flavonifractor,0.00626,0.00265,0.0,0.0015,0.00561,0.00387,0.0,0.0,0.00579,0.00742,0.00242,0.0026,0.00447,0.00119
Flexistipes,0.0,0.00132,0.00148,0.0,0.0,0.0,0.0,0.0,0.0,0.0,0.0,0.00043,0.0,0.00119
Flintibacter,0.00209,0.0,0.00148,0.0015,0.0,0.0029,0.0,0.00124,0.0,0.0,0.00061,0.00043,0.00112,0.0
Flocculibacter,0.0,0.0,0.0,0.00075,0.0,0.00097,0.0,0.0,0.0,0.00185,0.00061,0.00087,0.00112,0.0
Floricoccus,0.0,0.0,0.0,0.0,0.0,0.0,0.0,0.0,0.0,0.0,0.0,0.00043,0.0,0.0
Fluoribacter,0.0,0.0,0.0,0.0,0.0,0.0,0.0,0.0,0.0,0.00185,0.0,0.0,0.00447,0.0
Fluviibacter,0.0,0.00265,0.00148,0.03,0.00982,0.00194,0.08848,0.03979,0.0029,0.01669,0.00606,0.03554,0.20331,0.01073
Fluviicola,0.0,0.00132,0.0,0.0015,0.0014,0.0,0.0,0.0,0.0,0.00371,0.00424,0.00347,0.00112,0.0
Fluviispira,0.0,0.0,0.0,0.0,0.0,0.0,0.0,0.0,0.0,0.0,0.0,0.00087,0.0,0.00119
Fohxhuevirus,0.0,0.0,0.0,0.0,0.0,0.0,0.0,0.0,0.0,0.0,0.0,0.00043,0.0,0.0
Fokinia,0.0,0.0,0.0,0.0,0.0,0.0,0.0,0.0,0.0,0.00371,0.0,0.0,0.0,0.0
Fonsibacter,0.0,0.0,0.0,0.0,0.0,0.0,0.0,0.00124,0.0,0.0,0.0,0.00043,0.0,0.0
Fontisphaera,0.10009,0.03974,0.06673,0.06749,0.10103,0.0668,0.01609,0.05969,0.07529,0.05748,0.03997,0.00737,0.05027,0.06677
Formicincola,0.0,0.00132,0.0,0.00075,0.0014,0.0,0.0,0.00373,0.0,0.00185,0.0,0.00173,0.0,0.0
Formosa,0.0,0.00132,0.0,0.00225,0.0,0.0,0.0,0.0,0.00579,0.0,0.00121,0.00737,0.00112,0.0
Foxborovirus,0.0,0.0,0.0,0.0,0.0,0.0,0.00402,0.0,0.0,0.0,0.0,0.0,0.0,0.0
Francisella,0.00417,0.00265,0.00148,0.0015,0.0014,0.0029,0.0,0.00124,0.0,0.00556,0.00484,0.0013,0.01452,0.00477
Frankia,0.07298,0.05034,0.1038,0.05999,0.09261,0.1549,0.04826,0.09078,0.0695,0.06675,0.05934,0.04378,0.06256,0.05246
Frateuria,0.04588,0.02119,0.03855,0.03974,0.02105,0.03098,0.0362,0.02487,0.03765,0.03523,0.0218,0.01734,0.03463,0.02504
Frederiksenia,0.0,0.0,0.0,0.00075,0.0,0.0,0.00402,0.0,0.0,0.00185,0.00061,0.0,0.00112,0.00119
Fretibacterium,0.00209,0.00132,0.0,0.0015,0.00421,0.00097,0.0,0.0,0.0,0.00371,0.00061,0.00043,0.00335,0.00238
Friedmanniella,0.01877,0.0106,0.03559,0.0135,0.01965,0.02033,0.00402,0.0199,0.02027,0.02039,0.01817,0.0221,0.02904,0.01073
Frigidibacter,0.00834,0.01722,0.02224,0.01575,0.01123,0.01936,0.01207,0.01492,0.0029,0.00556,0.03936,0.12353,0.00894,0.05127
Frigoribacterium,0.01251,0.02252,0.00741,0.02175,0.01263,0.01065,0.01609,0.00497,0.03185,0.00556,0.01514,0.0169,0.01005,0.02027
Frigoriglobus,0.06464,0.08743,0.09045,0.04049,0.04069,0.04066,0.01207,0.05223,0.03475,0.0445,0.0327,0.00824,0.02681,0.05366
Frischella,0.0,0.0,0.0,0.0,0.0,0.00097,0.0,0.00124,0.0,0.0,0.0,0.00043,0.00223,0.0
Fromanvirus,0.0,0.0,0.0,0.0,0.0,0.0,0.0,0.0,0.0,0.0,0.00061,0.0,0.0,0.0
Frondihabitans,0.02085,0.0159,0.03114,0.0135,0.02526,0.02614,0.01609,0.02984,0.03185,0.03708,0.0224,0.02514,0.01452,0.00835
Fructilactobacillus,0.0,0.0,0.0,0.0,0.0,0.0,0.0,0.0,0.0029,0.0,0.00061,0.0,0.00112,0.00238
Fructobacillus,0.0,0.0,0.0,0.00075,0.0,0.0,0.0,0.0,0.0,0.0,0.0,0.00043,0.0,0.0
Fuerstiella,0.00626,0.0053,0.00148,0.00525,0.00421,0.0029,0.00402,0.00249,0.0,0.00185,0.00242,0.00087,0.0,0.00238
Fulvia,0.00626,0.00265,0.0,0.0015,0.0,0.00097,0.0,0.00373,0.0,0.0,0.00242,0.00433,0.00112,0.0
Fulvivirga,0.0,0.00397,0.00297,0.009,0.00281,0.0029,0.0,0.00373,0.0029,0.00185,0.00242,0.00347,0.00447,0.00358
Fundicoccus,0.0,0.0,0.0,0.0,0.0,0.0,0.0,0.0,0.0,0.0,0.0,0.0,0.00112,0.0
Furfurilactobacillus,0.0,0.00132,0.0,0.0,0.0,0.0,0.0,0.0,0.0,0.0,0.0,0.0,0.0,0.0
Fusarium,0.00417,0.0159,0.01335,0.012,0.02105,0.02227,0.0,0.01617,0.00869,0.01112,0.0224,0.01517,0.00782,0.0155
Fuscovulum,0.01251,0.01854,0.02076,0.02775,0.02526,0.00581,0.00402,0.01741,0.05502,0.01854,0.12232,0.57126,0.01564,0.04531
Fusobacterium,0.00209,0.0,0.00148,0.0,0.0,0.00194,0.00402,0.00373,0.0029,0.00185,0.0,0.00433,0.00112,0.00119
Galbibacter,0.0,0.0,0.00148,0.0015,0.0,0.00097,0.0,0.0,0.00579,0.0,0.0,0.00173,0.0,0.0
Gallaecimonas,0.00209,0.0053,0.00297,0.0075,0.00702,0.0029,0.00402,0.00249,0.00579,0.00371,0.0109,0.0091,0.01452,0.00477
Gallibacterium,0.0,0.0,0.0,0.0015,0.0,0.00097,0.00402,0.00249,0.0,0.0,0.00182,0.00173,0.01229,0.00119
Gallionella,0.01668,0.00927,0.00148,0.01125,0.02386,0.03001,0.00804,0.00124,0.0,0.00371,0.00303,0.00737,0.01676,0.01192
Gardnerella,0.0,0.0,0.0,0.0,0.00842,0.00097,0.0,0.0,0.0,0.0,0.0,0.00043,0.00112,0.00238
Geitlerinema,0.00209,0.0,0.00297,0.00075,0.00702,0.0,0.0,0.00124,0.0,0.0,0.00242,0.0013,0.00223,0.00119
Gellertiella,0.02294,0.01987,0.01928,0.02175,0.01544,0.01065,0.0,0.01741,0.00869,0.00927,0.01151,0.02817,0.00447,0.01669
Gelria,0.0,0.00132,0.00445,0.00375,0.00421,0.00194,0.00804,0.00373,0.0029,0.00927,0.00182,0.00217,0.00112,0.00119
Gemella,0.0,0.0,0.0,0.00075,0.0,0.0,0.0,0.0,0.0,0.0,0.00061,0.00087,0.0,0.0
Geminocystis,0.00209,0.0,0.0,0.0015,0.0014,0.00387,0.0,0.0,0.0,0.00185,0.00242,0.00087,0.0067,0.00835
Gemmata,0.11886,0.0914,0.12011,0.05024,0.04911,0.04357,0.02815,0.09326,0.09266,0.07045,0.066,0.0117,0.0391,0.07035
Gemmatimonas,0.03545,0.02119,0.04004,0.03,0.02526,0.03001,0.02815,0.06342,0.06371,0.06118,0.01877,0.0091,0.02681,0.04412
Gemmatirosa,0.06047,0.03841,0.05635,0.033,0.02947,0.02517,0.05228,0.06591,0.08977,0.06489,0.02725,0.00737,0.04245,0.05127
Gemmobacter,0.01251,0.02517,0.01779,0.0285,0.01263,0.01839,0.01609,0.01368,0.04344,0.03152,0.10476,0.45726,0.02011,0.02504
Geoalkalibacter,0.00834,0.01987,0.01038,0.00525,0.01123,0.00581,0.01609,0.00995,0.01448,0.02039,0.00908,0.00563,0.02681,0.02742
Geobacillus,0.01043,0.00662,0.01631,0.01125,0.01123,0.00678,0.01609,0.00746,0.00869,0.00556,0.00848,0.00347,0.00447,0.00715
Geobacter,0.12303,0.46494,0.05042,0.05999,0.22592,0.07842,0.14479,0.16041,0.31564,0.28738,0.26462,0.08842,0.15527,0.37083
Geodermatophilus,0.03128,0.03047,0.07414,0.03974,0.07999,0.09197,0.02815,0.05347,0.04344,0.05377,0.03754,0.03901,0.05139,0.02742
Geoglobus,0.00209,0.00132,0.0,0.0,0.0,0.0,0.0,0.0,0.0029,0.0,0.00061,0.00043,0.0,0.0
Geomonas,0.09175,0.1722,0.02817,0.05099,0.0884,0.05518,0.08848,0.05845,0.09556,0.13164,0.10233,0.03857,0.09383,0.15858
Georgenia,0.03545,0.03841,0.08007,0.06524,0.06736,0.10069,0.04022,0.04725,0.08977,0.05933,0.05631,0.07368,0.07149,0.03219
Georhizobium,0.01251,0.01192,0.0089,0.02325,0.00842,0.02808,0.01609,0.02611,0.01158,0.01112,0.01272,0.00954,0.01564,0.01073
Geosporobacter,0.0,0.0,0.0,0.0,0.0,0.00387,0.0,0.00124,0.0,0.0,0.0,0.0,0.00112,0.0
Geotalea,0.06256,0.13909,0.00741,0.0135,0.06595,0.02517,0.05228,0.02114,0.0666,0.07972,0.066,0.03251,0.0391,0.11685
Geothrix,0.26066,0.66629,0.04597,0.09374,0.34239,0.18201,0.20512,0.10943,0.28958,0.35783,1.01851,0.78363,0.15974,0.26947
Geovibrio,0.0,0.0,0.0,0.0015,0.0,0.0,0.0,0.0,0.0,0.0,0.00121,0.00043,0.00112,0.0
Gephyromycinifex,0.01251,0.00662,0.00297,0.0045,0.00281,0.00871,0.0,0.00746,0.03185,0.00556,0.01393,0.0091,0.01564,0.00835
Giardia,0.0,0.0,0.0,0.00075,0.0,0.00194,0.0,0.0,0.0029,0.0,0.0,0.00087,0.0,0.0
Gibbsiella,0.0,0.00397,0.0,0.0015,0.0014,0.00194,0.00804,0.00124,0.0029,0.0,0.00121,0.00043,0.00223,0.00119
Gilliamella,0.0,0.0,0.0,0.00225,0.0014,0.00194,0.00402,0.00249,0.0,0.00185,0.00484,0.00173,0.0134,0.00715
Gillisia,0.0,0.0,0.0,0.00075,0.0,0.0,0.0,0.0,0.0,0.00185,0.0,0.00087,0.00112,0.0
Gilvibacter,0.0,0.0,0.0,0.00075,0.0,0.0,0.0,0.0,0.0,0.0,0.00061,0.0,0.00112,0.0
Gilvimarinus,0.0,0.00132,0.0,0.0,0.0,0.0,0.00402,0.0,0.0,0.00185,0.00182,0.00217,0.00447,0.0
Gimesia,0.01668,0.02119,0.02669,0.02475,0.01403,0.01355,0.01207,0.01865,0.01448,0.02039,0.01574,0.0104,0.03128,0.02385
Gimibacter,0.01043,0.00662,0.00445,0.009,0.00842,0.00678,0.0,0.00622,0.0,0.00371,0.00545,0.00607,0.00335,0.00596
Glaciecola,0.0,0.00132,0.0,0.0,0.0,0.0,0.0,0.0,0.0,0.0,0.00061,0.0,0.00335,0.00119
Glaciibacter,0.00209,0.00397,0.00593,0.009,0.00281,0.01162,0.01207,0.00622,0.0,0.00185,0.00242,0.00217,0.00335,0.01073
Glaciihabitans,0.00626,0.00265,0.00741,0.006,0.0,0.00775,0.0,0.00746,0.00869,0.00556,0.00727,0.00563,0.00559,0.00238
Glaciimonas,0.00626,0.00132,0.00297,0.00225,0.00702,0.00387,0.00402,0.00124,0.01158,0.00371,0.00363,0.00217,0.00782,0.00238
Gladiatorvirus,0.0,0.0,0.0,0.00075,0.0,0.0,0.0,0.0,0.0,0.0,0.0,0.0,0.0,0.0
Glaesserella,0.0,0.0,0.0,0.0,0.0,0.0,0.00402,0.0,0.0,0.0,0.00242,0.00043,0.00894,0.00238
Gleimia,0.0,0.0,0.0,0.00225,0.0,0.00387,0.0,0.00373,0.0029,0.00556,0.00061,0.00217,0.00112,0.00119
Globicatella,0.0,0.0,0.0,0.0,0.0,0.0,0.00402,0.00124,0.0,0.0,0.0,0.00043,0.0,0.0
Gloeobacter,0.01668,0.11259,0.02224,0.00675,0.00982,0.01646,0.01207,0.01492,0.02896,0.01854,0.00848,0.0039,0.01899,0.01908
Gloeocapsa,0.00209,0.00132,0.0,0.0,0.0,0.00097,0.0,0.00124,0.0,0.00185,0.0,0.0,0.0,0.00119
Gloeomargarita,0.0,0.0,0.0,0.00075,0.0,0.0,0.00402,0.0,0.00579,0.0,0.0,0.0,0.0,0.00119
Gloeothece,0.0,0.0,0.0,0.00075,0.0,0.0029,0.0,0.0,0.0,0.00371,0.0,0.00087,0.0067,0.00596
Gluconacetobacter,0.0146,0.00795,0.01038,0.0225,0.01263,0.02517,0.01609,0.00622,0.01158,0.00371,0.00484,0.00954,0.01229,0.00835
Gluconobacter,0.01877,0.01722,0.02372,0.018,0.02526,0.01936,0.00402,0.0199,0.01448,0.0241,0.00848,0.0078,0.02234,0.00715
Glutamicibacter,0.02085,0.00795,0.02076,0.018,0.02386,0.04066,0.01207,0.0286,0.03475,0.01854,0.01332,0.02774,0.02011,0.0155
Glycocaulis,0.00626,0.0053,0.00148,0.00525,0.00281,0.00581,0.0,0.00249,0.0,0.00371,0.00484,0.00303,0.01005,0.00477
Gordonia,0.16265,0.14836,0.20907,0.21072,0.19505,0.25559,0.12468,0.18528,0.25193,0.23176,0.14654,0.22105,0.13852,0.17647
Gordonibacter,0.00417,0.00795,0.00593,0.00375,0.01123,0.00871,0.02413,0.00995,0.00579,0.01669,0.00363,0.0026,0.00894,0.00954
Gottfriedia,0.0,0.00132,0.0,0.0015,0.0,0.0,0.0,0.00249,0.0,0.0,0.00121,0.0013,0.0,0.0
Gottschalkia,0.0,0.0,0.0,0.0,0.0,0.0,0.0,0.0,0.0,0.0,0.00121,0.0,0.0,0.0
Gracilibacillus,0.00209,0.0,0.00297,0.00075,0.0014,0.00194,0.0,0.0,0.0,0.0,0.0,0.00087,0.0,0.00119
Gracilinema,0.0,0.0,0.0,0.00225,0.00281,0.0,0.0,0.00124,0.0,0.00371,0.0,0.00043,0.00112,0.0
Granulibacter,0.01043,0.01457,0.01335,0.02325,0.02666,0.02324,0.00804,0.00373,0.0029,0.01298,0.00545,0.0052,0.01676,0.00954
Granulicatella,0.0,0.0,0.0,0.0,0.0,0.0,0.0,0.0,0.0,0.0,0.00061,0.00043,0.0,0.0
Granulicella,0.06673,0.04769,0.05338,0.04049,0.087,0.10165,0.04022,0.06591,0.08687,0.03894,0.02604,0.0078,0.07484,0.07273
Granulosicoccus,0.00209,0.00397,0.00297,0.00675,0.00561,0.0029,0.0,0.00373,0.0,0.00742,0.00424,0.00303,0.00894,0.00238
Grimontia,0.00209,0.00132,0.0,0.0015,0.0014,0.0029,0.00402,0.00124,0.0,0.00185,0.00121,0.00217,0.00559,0.0
Gryllotalpicola,0.01043,0.02119,0.01631,0.0075,0.0014,0.01065,0.01207,0.00995,0.00579,0.00927,0.00727,0.01127,0.00894,0.00954
Gualtarvirus,0.0,0.0,0.0,0.0,0.0,0.0,0.0,0.0,0.0,0.0,0.0,0.0,0.00112,0.0
Gudongella,0.0,0.0,0.0,0.0,0.0,0.0,0.0,0.0,0.0,0.0,0.0,0.00043,0.0,0.0
Guillardia,0.00626,0.00132,0.0,0.0,0.0,0.0,0.0,0.0,0.0029,0.00742,0.00121,0.00087,0.0,0.00119
Gullanella,0.0,0.0,0.0,0.0,0.0,0.0,0.0,0.0,0.0,0.0,0.00061,0.0,0.0,0.0
Gulosibacter,0.00626,0.01192,0.00593,0.0165,0.00561,0.00678,0.01207,0.00746,0.00579,0.00371,0.00787,0.01907,0.00894,0.00954
Guyparkeria,0.01043,0.01325,0.01186,0.02625,0.01684,0.02033,0.01207,0.02238,0.03185,0.01298,0.01272,0.00563,0.01564,0.01908
Gymnodinialimonas,0.00417,0.00397,0.0089,0.01125,0.00842,0.01162,0.02011,0.00746,0.01158,0.00556,0.00666,0.01907,0.00223,0.01431
Gynuella,0.0,0.0,0.00148,0.00075,0.00281,0.0,0.0,0.0,0.0,0.0,0.00182,0.0,0.00335,0.00238
Haematobacter,0.00209,0.01192,0.0089,0.0105,0.00842,0.00484,0.00402,0.00497,0.02027,0.01112,0.01756,0.08885,0.0067,0.01192
Haematospirillum,0.00209,0.0,0.0,0.00075,0.0,0.00097,0.00402,0.00249,0.0,0.00185,0.00363,0.0,0.00223,0.00119
Haemophilus,0.00626,0.0053,0.0,0.00375,0.00421,0.00194,0.02815,0.00124,0.00579,0.01298,0.00666,0.0026,0.0458,0.00596
Hafnia,0.00209,0.00132,0.0,0.00375,0.00421,0.00097,0.00402,0.00124,0.0029,0.0,0.00182,0.00303,0.00335,0.00238
Hahella,0.01043,0.00662,0.01038,0.00525,0.00421,0.00387,0.01609,0.00124,0.0029,0.00556,0.00666,0.0052,0.02793,0.01431
Haifavirus,0.0,0.0,0.0,0.0,0.0,0.0,0.0,0.00124,0.0,0.0,0.0,0.0,0.0,0.0
Haladaptatus,0.00626,0.00265,0.00297,0.0045,0.0014,0.0029,0.00402,0.00373,0.0029,0.00371,0.00182,0.00217,0.00447,0.00477
Halalkaliarchaeum,0.0,0.00132,0.0,0.003,0.0014,0.0,0.0,0.0,0.0,0.0,0.00182,0.00087,0.0,0.00358
Halalkalibacter,0.0,0.0,0.0,0.0,0.0,0.0,0.0,0.0,0.0,0.0,0.0,0.0,0.00112,0.0
Halalkalibacterium (ex Joshi et al. 2022),0.0,0.00132,0.0,0.0,0.0,0.0,0.0,0.0,0.0,0.0,0.0,0.00043,0.0,0.0
Halalkalicoccus,0.00209,0.00265,0.0,0.0015,0.0,0.0,0.0,0.0,0.0029,0.0,0.0,0.0,0.0,0.0
Halanaeroarchaeum,0.00209,0.00132,0.0,0.00075,0.0014,0.0,0.00402,0.00249,0.0029,0.00185,0.00182,0.00043,0.00112,0.00119
Halanaerobium,0.0,0.0,0.00148,0.0,0.0,0.00194,0.0,0.00124,0.0,0.0,0.00121,0.0,0.0,0.00119
Halapricum,0.00417,0.00132,0.0,0.00075,0.00281,0.00387,0.00804,0.00124,0.00579,0.00556,0.00182,0.0013,0.00559,0.00119
Halarchaeum,0.0,0.0,0.0,0.003,0.00421,0.00194,0.0,0.0,0.0029,0.00742,0.00061,0.00173,0.00112,0.0
Halarcobacter,0.0,0.0,0.0,0.00075,0.0,0.00097,0.0,0.0,0.0,0.0,0.0,0.00217,0.00112,0.00238
Haliangium,0.07924,0.04239,0.04893,0.036,0.03648,0.03195,0.01609,0.0572,0.05212,0.04821,0.02846,0.00954,0.04133,0.03935
Halioglobus,0.00626,0.0053,0.00741,0.0075,0.00281,0.00097,0.01207,0.00497,0.0,0.00556,0.00787,0.00217,0.00335,0.00358
Haliovirga,0.0,0.0,0.0,0.0,0.0014,0.0,0.0,0.0,0.0,0.0,0.0,0.0,0.0,0.0
Haliscomenobacter,0.0,0.00132,0.00297,0.00375,0.00561,0.0,0.00804,0.00622,0.01158,0.00185,0.01029,0.0026,0.00335,0.00238
Haloarcula,0.00209,0.00265,0.00593,0.00375,0.0014,0.00097,0.0,0.0,0.0,0.0,0.00061,0.00043,0.00223,0.00119
Halobacillus,0.00417,0.00132,0.00741,0.0,0.00281,0.00194,0.00402,0.00249,0.0,0.0,0.00121,0.0,0.00335,0.00119
Halobacteriovorax,0.00209,0.00265,0.00297,0.00075,0.0,0.0,0.0,0.00124,0.0,0.0,0.00061,0.00217,0.0,0.00238
Halobacterium,0.00834,0.00397,0.00445,0.00375,0.00561,0.00775,0.0,0.01368,0.01448,0.00742,0.00424,0.00217,0.00335,0.00596
Halobacteroides,0.0,0.0,0.0,0.0,0.0,0.0,0.0,0.0,0.0,0.0,0.0,0.00043,0.0,0.0
Halobaculum,0.01668,0.01457,0.02669,0.02325,0.00702,0.01646,0.01207,0.01865,0.02317,0.01112,0.01817,0.00693,0.02122,0.01669
Halobellus,0.0,0.00132,0.0,0.00525,0.00842,0.00484,0.00402,0.00124,0.0,0.00371,0.00182,0.00087,0.00112,0.00238
Halobiforma,0.00417,0.00132,0.00297,0.0015,0.0014,0.0,0.00402,0.0,0.0029,0.00185,0.0,0.00087,0.0,0.00119
Halocatena,0.0,0.0,0.0,0.00075,0.00281,0.00097,0.0,0.0,0.0,0.00185,0.00061,0.00043,0.0,0.0
Halococcoides,0.0,0.0,0.0,0.00075,0.0,0.0,0.0,0.00124,0.0,0.00185,0.0,0.00087,0.0,0.00119
Halococcus,0.0,0.0053,0.0,0.00375,0.0014,0.00194,0.0,0.00249,0.0029,0.00371,0.00061,0.0,0.00335,0.00358
Halodesulfurarchaeum,0.0,0.0,0.0,0.0,0.0014,0.00194,0.0,0.00124,0.0,0.0,0.0,0.0,0.0,0.00119
Haloferax,0.00626,0.00397,0.0089,0.0015,0.0014,0.0029,0.00804,0.00249,0.00869,0.00927,0.00242,0.00217,0.00112,0.00119
Halogeometricum,0.0,0.0,0.0,0.00225,0.0014,0.00097,0.0,0.0,0.0,0.0,0.0,0.00087,0.0,0.0
Haloglomus,0.00417,0.0053,0.0,0.00375,0.00421,0.00387,0.00402,0.00124,0.0029,0.00927,0.00363,0.00173,0.00559,0.00358
Halohasta,0.0,0.00132,0.0,0.0,0.0,0.0,0.0,0.00249,0.0,0.0,0.00061,0.0,0.00112,0.00119
Halolamina,0.0,0.0,0.00593,0.00075,0.0014,0.0,0.00402,0.00124,0.0029,0.0,0.00182,0.0013,0.00112,0.0
Halomarina,0.00209,0.00397,0.00297,0.003,0.00561,0.0029,0.0,0.00373,0.0,0.00185,0.00242,0.0026,0.01117,0.00596
Halomicroarcula,0.00417,0.00662,0.0089,0.009,0.01123,0.00871,0.01207,0.01368,0.01737,0.00556,0.00606,0.0078,0.01564,0.01073
Halomicrobium,0.00626,0.0053,0.00593,0.0075,0.00281,0.00871,0.00804,0.00497,0.00579,0.01298,0.00242,0.00693,0.0067,0.00358
Halomicronema,0.00209,0.00132,0.00445,0.00225,0.0014,0.00194,0.00402,0.00124,0.00579,0.0,0.00303,0.00087,0.00223,0.00238
Halomonas,0.24189,0.16823,0.27284,0.26471,0.19926,0.21492,0.15685,0.2201,0.27799,0.23176,0.23495,0.15387,0.3798,0.25874
Halopenitus,0.0,0.0,0.0,0.00075,0.0014,0.00097,0.0,0.0,0.00869,0.00185,0.0,0.00087,0.0,0.00119
Halopiger,0.0,0.00132,0.00297,0.00225,0.0014,0.0,0.0,0.00124,0.0,0.0,0.0,0.00043,0.00112,0.0
Haloplanus,0.00834,0.0053,0.00297,0.012,0.00561,0.0029,0.00402,0.00373,0.01448,0.01669,0.00484,0.00477,0.00782,0.00358
Haloprofundus,0.0,0.0053,0.00148,0.00975,0.00421,0.00194,0.00402,0.00249,0.0029,0.00371,0.00121,0.0013,0.00223,0.0
Halopseudomonas,0.05005,0.04504,0.05783,0.04949,0.03227,0.03873,0.06033,0.03979,0.04923,0.05191,0.03633,0.03034,0.0916,0.05962
Haloquadratum,0.0,0.0,0.0,0.00075,0.0,0.0,0.0,0.0,0.0,0.0,0.0,0.00043,0.0,0.0
Halorarius,0.0,0.00132,0.00741,0.00375,0.0014,0.00194,0.0,0.00622,0.0,0.00185,0.00121,0.00173,0.00112,0.00238
Halorhabdus,0.00626,0.00397,0.00297,0.00225,0.0,0.00097,0.0,0.00497,0.00869,0.00371,0.00061,0.00217,0.00447,0.0
Halorhodospira,0.0146,0.01192,0.01928,0.0165,0.00842,0.00968,0.0,0.00497,0.01737,0.01669,0.00666,0.0052,0.00894,0.01312
Halorientalis,0.00834,0.00265,0.00741,0.0015,0.00421,0.00097,0.0,0.00497,0.0,0.01298,0.00606,0.00217,0.00447,0.00477
Halorubrum,0.01668,0.01722,0.02224,0.01575,0.02105,0.01355,0.00804,0.02487,0.02606,0.01669,0.01332,0.00867,0.02011,0.00715
Halorussus,0.00626,0.00662,0.00741,0.00975,0.00842,0.00775,0.01207,0.00746,0.01448,0.00742,0.00484,0.0039,0.00782,0.00715
Halosegnis,0.0,0.00265,0.00445,0.00075,0.0014,0.00194,0.00402,0.00249,0.0,0.00185,0.00182,0.00087,0.00112,0.00119
Halosimplex,0.0146,0.00397,0.00445,0.0075,0.00421,0.00194,0.00402,0.00622,0.0029,0.00185,0.00606,0.00563,0.01005,0.00477
Halosolutus,0.00209,0.00132,0.00593,0.00225,0.00561,0.00484,0.0,0.00373,0.0029,0.00371,0.00363,0.00347,0.00894,0.00596
Halostagnicola,0.00209,0.0,0.0,0.00075,0.0,0.0,0.0,0.0,0.00579,0.00185,0.00182,0.00043,0.0,0.0
Halotalea,0.00417,0.00795,0.01186,0.0075,0.00702,0.00871,0.00402,0.00622,0.00579,0.00556,0.00666,0.00563,0.00782,0.00238
Haloterrigena,0.0,0.00397,0.00593,0.00825,0.0,0.00387,0.00402,0.00249,0.0029,0.00556,0.00242,0.0026,0.00335,0.00835
Halothece,0.0,0.0,0.00148,0.00075,0.0,0.0,0.0,0.0,0.0,0.0,0.0,0.0,0.00112,0.00119
Halothermothrix,0.00209,0.0,0.0,0.0,0.0,0.00097,0.0,0.0,0.0,0.0,0.0,0.0,0.0,0.0
Halothiobacillus,0.01043,0.00662,0.01186,0.0105,0.00842,0.00775,0.01207,0.00746,0.00579,0.00556,0.00545,0.0039,0.02793,0.00954
Halotia,0.00209,0.0,0.00148,0.00075,0.0014,0.00097,0.0,0.00124,0.0,0.0,0.00061,0.0,0.0,0.00238
Halovenus,0.0,0.00132,0.0,0.00075,0.0,0.00194,0.00402,0.00249,0.0,0.0,0.0,0.00043,0.00112,0.00119
Halovivax,0.00417,0.00132,0.00741,0.0045,0.00281,0.00968,0.00804,0.0087,0.0029,0.00185,0.00303,0.00347,0.0067,0.00119
Hamiltonella,0.0,0.00132,0.0,0.003,0.0,0.0,0.0,0.0,0.0,0.0,0.0,0.0,0.00447,0.00119
Hankyongella,0.00834,0.01457,0.00741,0.02325,0.00702,0.01355,0.00402,0.0087,0.03475,0.01112,0.01151,0.00867,0.0134,0.0155
Haploplasma,0.0,0.0,0.0,0.0,0.0014,0.0,0.0,0.0,0.0,0.0,0.0,0.00043,0.0,0.0
Hartmannibacter,0.02502,0.03312,0.05783,0.03974,0.03648,0.04066,0.02413,0.04477,0.02027,0.03152,0.01756,0.02731,0.02234,0.031
Hathewaya,0.0,0.0,0.0,0.00075,0.0,0.0,0.0,0.00124,0.00869,0.0,0.0,0.0,0.0,0.0
Helcobacillus,0.00834,0.0,0.00593,0.006,0.0014,0.00581,0.0,0.00497,0.0029,0.01112,0.00424,0.0039,0.00447,0.00715
Helicobacter,0.00417,0.00795,0.00297,0.00225,0.00561,0.00387,0.0,0.00373,0.0029,0.00927,0.00363,0.00347,0.01452,0.00477
Heliomicrobium,0.0,0.00132,0.00741,0.00375,0.00421,0.01259,0.0,0.00373,0.0029,0.00185,0.00182,0.00303,0.00223,0.00596
Heliorestis,0.0,0.00132,0.0,0.0,0.0,0.0,0.0,0.0,0.0,0.00185,0.0,0.0,0.00112,0.00119
Hemiselmis,0.0,0.0,0.0,0.0,0.0,0.00097,0.0,0.0,0.0,0.0,0.0,0.0013,0.00112,0.0
Hepatoplasma,0.0,0.0,0.00148,0.0,0.0,0.00097,0.0,0.0,0.0,0.00185,0.00061,0.0,0.0,0.00238
Herbaspirillum,0.19393,0.15896,0.10824,0.34795,0.1712,0.28076,0.08044,0.17285,0.24325,0.19838,0.23434,0.14173,0.21671,0.18959
Herbiconiux,0.02085,0.01192,0.01483,0.0195,0.02105,0.01162,0.0362,0.02487,0.00869,0.01483,0.01695,0.01474,0.02234,0.01908
Herbinix,0.0,0.0,0.0,0.0,0.0,0.0,0.0,0.0,0.0,0.0,0.00121,0.0,0.0,0.0
Herminiimonas,0.00417,0.00265,0.00297,0.0105,0.00281,0.00581,0.00804,0.00622,0.0029,0.00371,0.00363,0.0013,0.01005,0.00477
Heyndrickxia,0.00209,0.00265,0.00297,0.0015,0.00281,0.0,0.0,0.00622,0.0,0.00742,0.00182,0.00087,0.00112,0.00238
Hippea,0.0,0.0,0.0,0.0,0.0014,0.00097,0.0,0.0,0.0,0.00185,0.00061,0.0,0.0,0.0
Hirschia,0.00209,0.0,0.00148,0.003,0.0,0.00194,0.00402,0.00124,0.0,0.0,0.00061,0.0,0.0,0.00358
Histophilus,0.0,0.0,0.0,0.0,0.0,0.00097,0.0,0.0,0.0,0.00371,0.00061,0.00043,0.00559,0.00477
Hoaglandella,0.0,0.0,0.0,0.0,0.0,0.0,0.0,0.0,0.0,0.0,0.0,0.0,0.0,0.00119
Hoeflea,0.02919,0.04371,0.03262,0.036,0.02105,0.02711,0.04424,0.03233,0.00869,0.00742,0.01817,0.01777,0.02904,0.02504
Holophaga,0.01043,0.02384,0.00297,0.00825,0.01824,0.01162,0.01207,0.0087,0.02317,0.00927,0.04481,0.00824,0.01564,0.01908
Homo,0.12303,0.07418,0.30101,0.10424,0.10945,1.34183,0.06033,0.06342,0.11583,0.16686,0.13746,0.53008,0.11841,0.10254
Homoserinibacter,0.00834,0.0,0.00741,0.0045,0.0014,0.01065,0.0,0.00995,0.01448,0.01112,0.00666,0.00737,0.00894,0.00358
Horticoccus,0.04796,0.02649,0.01779,0.03375,0.03368,0.02517,0.0,0.00746,0.01737,0.02225,0.01272,0.0013,0.01005,0.02981
Hoylesella,0.0,0.00132,0.0,0.0,0.0,0.0,0.0,0.0,0.0,0.0,0.00061,0.00087,0.0,0.00358
Hoyosella,0.00209,0.0053,0.00445,0.0045,0.00702,0.00484,0.00402,0.00249,0.0029,0.00185,0.00303,0.00303,0.00335,0.00715
Humibacter,0.00834,0.00265,0.01483,0.00825,0.00702,0.01936,0.00804,0.00995,0.0,0.00185,0.00727,0.00824,0.00223,0.00596
Humisphaera,0.01877,0.01325,0.03262,0.0165,0.00842,0.00581,0.00402,0.01368,0.02317,0.02781,0.01272,0.00433,0.00894,0.02027
Hungatella,0.0,0.00265,0.0,0.00075,0.0014,0.00097,0.0,0.00124,0.0029,0.00185,0.00121,0.0026,0.00223,0.00119
Hwangdonia,0.00209,0.0,0.0,0.0,0.0014,0.0,0.0,0.0,0.0,0.00185,0.0,0.0013,0.00112,0.0
Hydrocarboniclastica,0.00417,0.0,0.00148,0.00075,0.00281,0.00194,0.0,0.00373,0.0,0.00742,0.00303,0.0013,0.00112,0.00238
Hydrogenibacillus,0.0,0.00397,0.01928,0.0045,0.01684,0.0029,0.0,0.00373,0.00579,0.00556,0.00363,0.00173,0.01117,0.01192
Hydrogenimonas,0.0,0.0053,0.00297,0.0,0.0014,0.00097,0.0,0.00373,0.0029,0.00185,0.00061,0.0,0.00447,0.00119
Hydrogenobacter,0.0,0.0,0.0,0.00075,0.0,0.0,0.0,0.00124,0.0,0.0,0.00061,0.0,0.0,0.00238
Hydrogenobaculum,0.0,0.0,0.0,0.0,0.0,0.0,0.0,0.0,0.0,0.00185,0.0,0.0,0.0,0.00238
Hydrogenophaga,0.80907,1.08089,0.47005,1.59204,0.58656,0.47729,0.32175,0.73865,1.15831,1.09389,2.36703,1.46411,0.79982,1.25914
Hydrogenophilus,0.00834,0.00397,0.00297,0.003,0.00702,0.00194,0.00804,0.00746,0.00579,0.01112,0.00545,0.00347,0.00223,0.01073
Hydrogenovibrio,0.00417,0.00265,0.00593,0.00075,0.0,0.0,0.0,0.00249,0.0029,0.01483,0.00484,0.0026,0.01229,0.00715
Hylemonella,0.08758,0.0967,0.01483,0.08474,0.03648,0.02808,0.00804,0.03855,0.04923,0.10568,0.13019,0.06371,0.05474,0.09897
Hymenobacter,0.07298,0.05299,0.07859,0.10799,0.05894,0.06583,0.04826,0.05596,0.12162,0.08158,0.06661,0.04508,0.08378,0.06558
Hypericibacter,0.14388,0.07948,0.16459,0.10199,0.11928,0.09681,0.07642,0.10072,0.07819,0.07972,0.06843,0.04248,0.10612,0.08823
Hyperthermus,0.0,0.0,0.00148,0.0,0.0,0.0,0.0,0.0,0.0,0.0,0.0,0.0,0.0,0.0
Hyphobacterium,0.00834,0.0053,0.00741,0.00675,0.00421,0.00581,0.00804,0.01119,0.0,0.00556,0.00242,0.00173,0.00335,0.00358
Hyphococcus,0.0,0.00265,0.00297,0.00525,0.00281,0.00387,0.01609,0.00497,0.00579,0.00185,0.0,0.00217,0.00447,0.00238
Hyphomicrobium,0.35032,0.33646,0.55012,0.23397,0.33959,0.29625,0.28153,0.2599,0.31274,0.24473,0.27915,0.06978,0.23235,0.28736
Hyphomonas,0.04379,0.06358,0.06524,0.07199,0.06595,0.03292,0.02815,0.0485,0.03765,0.05562,0.03997,0.02557,0.03798,0.04054
Iamia,0.18767,0.13246,0.29211,0.21672,0.1277,0.08229,0.11663,0.1915,0.2085,0.20395,0.15623,0.10662,0.07038,0.16335
Iapetusvirus,0.0,0.0,0.00148,0.0,0.0,0.0,0.0,0.0,0.0,0.0,0.0,0.0,0.0,0.0
Ichthyocystis,0.00417,0.00265,0.00148,0.00075,0.0,0.0,0.0,0.00124,0.0029,0.0,0.00121,0.00043,0.0,0.00358
Ideonella,0.11052,0.10597,0.11566,0.24297,0.10244,0.07164,0.0362,0.143,0.17664,0.26884,0.41358,0.39398,0.24017,0.19436
Idiomarina,0.00417,0.0053,0.00445,0.00675,0.00281,0.00194,0.00402,0.00249,0.0,0.00927,0.00848,0.0039,0.03016,0.00715
Ignatzschineria,0.0,0.0,0.0,0.0,0.0,0.0,0.00402,0.0,0.0,0.0,0.00061,0.00043,0.00223,0.00119
Ignavibacterium,0.00209,0.0053,0.00148,0.00075,0.00561,0.00484,0.00402,0.00373,0.00579,0.00556,0.00182,0.00087,0.00782,0.00358
Ignavigranum,0.0,0.00132,0.0,0.0,0.0,0.0,0.0,0.0,0.0,0.00185,0.0,0.00043,0.0,0.0
Ignicoccus,0.00209,0.0,0.0,0.0,0.0,0.0,0.0,0.0,0.0,0.0,0.0,0.0,0.0,0.0
Ilumatobacter,0.06256,0.08743,0.11714,0.17398,0.09963,0.03873,0.02413,0.10943,0.12452,0.1131,0.10355,0.03381,0.04021,0.12043
Ilyobacter,0.0,0.00132,0.0,0.0,0.00421,0.0029,0.00804,0.0,0.0029,0.00185,0.00121,0.0,0.00112,0.0
Immundisolibacter,0.03336,0.02384,0.03855,0.03899,0.00842,0.02033,0.0,0.02736,0.00579,0.01483,0.08054,0.01387,0.03463,0.03219
Imperialibacter,0.0,0.00132,0.0,0.0045,0.0,0.00097,0.0,0.00124,0.0,0.0,0.00061,0.00173,0.00112,0.00358
Imtechella,0.0,0.00132,0.0,0.0,0.00281,0.0,0.0,0.00124,0.0,0.0,0.00121,0.00087,0.0,0.0
Imvubuvirus,0.0,0.0,0.0,0.0,0.0,0.0,0.0,0.0,0.0,0.0,0.00061,0.0,0.0,0.0
Indioceanicola,0.01668,0.0159,0.01928,0.01875,0.01123,0.01936,0.02413,0.01368,0.01737,0.01112,0.00908,0.0052,0.02011,0.01431
Infirmifilum,0.0,0.0,0.0,0.0,0.0,0.0,0.0,0.0,0.0,0.0,0.00061,0.0,0.0,0.00119
Inhella,0.03545,0.04901,0.02817,0.08699,0.02666,0.02227,0.01609,0.03357,0.04923,0.06489,0.11445,0.05678,0.04357,0.03696
Intestinibacillus,0.00626,0.0,0.00148,0.00075,0.00842,0.0,0.0,0.00124,0.0029,0.00185,0.00061,0.00043,0.0,0.00358
Intestinibaculum,0.0,0.0,0.00148,0.0,0.0,0.0,0.00402,0.0,0.0029,0.0,0.0,0.0,0.0,0.00119
Intestinimonas,0.0,0.00132,0.0,0.00075,0.00281,0.00097,0.0,0.00124,0.0029,0.00185,0.00121,0.00173,0.00112,0.0
Intrasporangium,0.02919,0.03047,0.02966,0.01575,0.02807,0.04163,0.00402,0.04228,0.04923,0.05562,0.04299,0.06415,0.09383,0.02027
Iodobacter,0.0,0.00397,0.00148,0.0105,0.0014,0.00484,0.00402,0.0,0.01158,0.00371,0.00727,0.0013,0.01564,0.00238
Ishikawaella,0.0,0.0,0.0,0.0,0.0,0.0,0.0,0.0,0.0,0.00185,0.0,0.0,0.0,0.0
Isoalcanivorax,0.01043,0.00662,0.00297,0.0105,0.00281,0.00871,0.00402,0.00622,0.00869,0.00927,0.00545,0.00607,0.01564,0.00835
Isoptericola,0.02711,0.02649,0.03559,0.03675,0.05052,0.03873,0.00804,0.04974,0.03475,0.05377,0.0327,0.04594,0.04803,0.02265
Isosphaera,0.01043,0.0053,0.00741,0.00825,0.00281,0.00871,0.00804,0.00249,0.0029,0.00371,0.00242,0.00043,0.00559,0.00596
Janibacter,0.05213,0.07021,0.08897,0.08324,0.06876,0.09004,0.05631,0.12186,0.14189,0.14462,0.09931,0.21195,0.1765,0.04769
Jannaschia,0.05005,0.03444,0.043,0.04199,0.03087,0.02711,0.01207,0.02363,0.04633,0.02966,0.04965,0.07368,0.02346,0.062
Janthinobacterium,0.12094,0.10067,0.08897,0.18298,0.1277,0.07455,0.08446,0.11067,0.14479,0.15389,0.15683,0.11963,0.1508,0.14189
Janusvirus,0.0,0.0,0.0,0.0,0.0,0.0,0.0,0.0,0.0,0.0,0.0,0.00043,0.00112,0.0
Jatrophihabitans,0.06256,0.05828,0.06524,0.04049,0.09261,0.12198,0.03218,0.06466,0.03475,0.05377,0.04481,0.05028,0.0592,0.04173
Jejubacter,0.00209,0.00132,0.0,0.00225,0.0,0.00194,0.0,0.00124,0.0029,0.00185,0.00121,0.00087,0.0067,0.00119
Jeongeupia,0.02502,0.02119,0.01038,0.05549,0.02526,0.03679,0.01609,0.02984,0.0695,0.03523,0.0224,0.02947,0.05809,0.04412
Jeotgalibaca,0.00209,0.00265,0.0,0.0,0.0,0.0,0.0,0.0,0.0029,0.0,0.0,0.00043,0.0,0.0
Jeotgalibacillus,0.00209,0.0,0.0,0.0,0.0,0.0,0.0,0.00124,0.0029,0.0,0.00121,0.0,0.0,0.0
Jeotgalicoccus,0.0,0.0,0.00148,0.0,0.0,0.0,0.0,0.0,0.0,0.0,0.0,0.00043,0.00112,0.00119
Jiangella,0.06047,0.05034,0.08155,0.05099,0.04771,0.09004,0.03218,0.07585,0.03765,0.05562,0.06116,0.05244,0.05474,0.02623
Jiella,0.02085,0.01987,0.02966,0.0315,0.03648,0.02808,0.02011,0.03979,0.00579,0.02966,0.01453,0.0156,0.02346,0.02623
Jolieduovirus,0.0,0.0,0.0,0.0,0.0,0.0,0.0,0.0,0.0,0.0,0.0,0.0,0.00112,0.0
Jonesia,0.0,0.0,0.00148,0.0015,0.0014,0.00387,0.0,0.0,0.0,0.00371,0.00182,0.00043,0.0,0.0
Jonquetella,0.00626,0.00132,0.00148,0.0015,0.00281,0.00194,0.0,0.00124,0.0029,0.00185,0.0,0.0,0.0,0.0
Julieunavirus,0.0,0.0,0.0,0.0,0.0,0.0,0.0,0.0,0.0,0.0,0.0,0.0,0.00112,0.0
Kagamiyamavirus,0.0,0.00132,0.0,0.0,0.0,0.0,0.0,0.0,0.0,0.0,0.0,0.0,0.0,0.0
Kaistella,0.0,0.00132,0.00445,0.0045,0.0,0.00097,0.0,0.00373,0.0,0.00371,0.00606,0.03337,0.0067,0.0
Kaistia,0.05213,0.04769,0.04597,0.04274,0.05192,0.04937,0.04022,0.04725,0.0666,0.03708,0.03633,0.03424,0.03463,0.04769
Kangiella,0.00417,0.0,0.00445,0.00225,0.0,0.00097,0.0,0.00124,0.0,0.00927,0.00182,0.00043,0.02234,0.01073
Karimacvirus,0.0,0.0,0.0,0.0,0.0,0.0,0.0,0.00124,0.0,0.0,0.0,0.0,0.0,0.0
Kaustia,0.0563,0.05034,0.08452,0.04274,0.03789,0.04066,0.01207,0.04352,0.04633,0.0445,0.0333,0.04551,0.0458,0.03816
Kazachstania,0.0,0.0,0.0,0.0,0.0,0.0,0.0,0.0,0.0,0.0,0.00061,0.0013,0.00112,0.0
Keratinibaculum,0.0,0.0,0.0,0.0,0.0,0.0,0.0,0.0,0.0,0.0,0.00061,0.0,0.0,0.00119
Kerstersia,0.00626,0.0053,0.00593,0.01725,0.01263,0.00194,0.0,0.00497,0.02317,0.00371,0.01151,0.00477,0.01787,0.01192
Ketobacter,0.00209,0.0,0.00148,0.00225,0.0,0.00194,0.0,0.00249,0.0,0.0,0.00303,0.00303,0.00447,0.00238
Ketogulonicigenium,0.0,0.0053,0.01335,0.00825,0.00982,0.0029,0.00402,0.00622,0.00579,0.00185,0.04481,0.02904,0.00223,0.0155
Keylargovirus,0.0,0.0,0.0,0.0,0.0,0.0,0.0,0.0,0.0,0.0,0.00061,0.0,0.0,0.0
Kibdelosporangium,0.02085,0.01457,0.02372,0.0285,0.02105,0.04066,0.01609,0.02611,0.02896,0.01112,0.01514,0.0104,0.02569,0.00596
Kineobactrum,0.00417,0.00265,0.00445,0.00375,0.00702,0.00387,0.00804,0.00497,0.00579,0.00371,0.00484,0.0013,0.00894,0.00358
Kineococcus,0.0146,0.02384,0.03114,0.0195,0.01403,0.0242,0.00402,0.0286,0.02317,0.02781,0.03815,0.01474,0.01899,0.01192
Kineothrix,0.0,0.0,0.0,0.0,0.0,0.0,0.0,0.0,0.0,0.0,0.0,0.00043,0.0,0.0
Kingella,0.00209,0.0106,0.00297,0.009,0.00281,0.00871,0.00804,0.00497,0.00579,0.01112,0.01393,0.00347,0.01787,0.01312
Kingevirus,0.0,0.0,0.0,0.0,0.0,0.0,0.0,0.0,0.0,0.0,0.0,0.00043,0.0,0.0
Kiritimatiella,0.00417,0.00397,0.00297,0.0015,0.00281,0.00194,0.00402,0.00249,0.00579,0.0,0.00182,0.00347,0.00559,0.00954
Kirkpatrickella,0.0,0.00397,0.00297,0.003,0.0,0.0029,0.0,0.0,0.0029,0.0,0.00182,0.0,0.00223,0.0
Kisquattuordecimvirus,0.0,0.0,0.0,0.0,0.0,0.0,0.0,0.0,0.0,0.0,0.0,0.0,0.0,0.00119
Kitasatospora,0.08758,0.07683,0.172,0.12073,0.18102,0.2459,0.13272,0.1256,0.10714,0.11124,0.1314,0.09275,0.11394,0.10731
Klebsiella,0.16056,0.22254,0.24021,0.08399,0.06455,0.12779,0.06033,0.07585,0.08977,0.19653,0.12413,0.07021,0.27592,0.14785
Kluyvera,0.00834,0.01192,0.00148,0.00825,0.00281,0.00097,0.0,0.00497,0.00869,0.00185,0.00606,0.00303,0.00782,0.00835
Kluyveromyces,0.0,0.0,0.0,0.00075,0.0,0.00097,0.0,0.0,0.0,0.0,0.0,0.00043,0.0,0.00238
Kochikohdavirus,0.00209,0.0,0.0,0.0,0.0,0.0,0.0,0.0,0.0,0.0,0.0,0.0,0.0,0.0
Kocuria,0.08132,0.03576,0.04448,0.06299,0.04069,0.08907,0.04424,0.05845,0.04633,0.04821,0.06419,0.08365,0.04803,0.05723
Koinonema,0.00209,0.0,0.0,0.0015,0.0,0.0,0.0,0.0,0.0,0.0,0.00182,0.0,0.00223,0.00119
Koleobacter,0.00209,0.0,0.0,0.0,0.0,0.00097,0.0,0.00124,0.0,0.00185,0.0,0.00043,0.00223,0.0
Komagataeibacter,0.03336,0.03709,0.04004,0.05924,0.04631,0.0426,0.02011,0.02238,0.04344,0.01669,0.02119,0.02471,0.04021,0.04293
Komagataella,0.0,0.0,0.0,0.0,0.0,0.0,0.0,0.00124,0.0,0.0,0.00061,0.00043,0.0,0.0
Kordia,0.0,0.00265,0.0,0.00375,0.0014,0.0,0.0,0.0,0.0,0.0,0.00121,0.0039,0.00112,0.00238
Kordiimonas,0.00417,0.00265,0.00445,0.003,0.00421,0.00194,0.00402,0.0,0.00579,0.00371,0.00182,0.00043,0.00335,0.00119
Koribacter,0.07507,0.05166,0.02521,0.03075,0.0842,0.12005,0.02413,0.06591,0.01737,0.01298,0.01151,0.00043,0.10277,0.09181
Korravirus,0.0,0.0,0.0,0.00075,0.0,0.0,0.0,0.0,0.0,0.0,0.0,0.0,0.0,0.0
Kosakonia,0.02085,0.03974,0.01186,0.018,0.01263,0.00968,0.00402,0.00746,0.01158,0.00185,0.01695,0.00954,0.0391,0.02265
Kosmotoga,0.00209,0.0,0.0,0.0,0.0014,0.0,0.0,0.00124,0.0,0.0,0.00061,0.0,0.00223,0.0
Kostyavirus,0.0,0.00132,0.0,0.0,0.0,0.0,0.0,0.0,0.0,0.0,0.0,0.0,0.0,0.0
Kovacikia,0.0,0.00927,0.00148,0.0015,0.00281,0.00097,0.0,0.0,0.0,0.00185,0.00121,0.0,0.00335,0.00596
Kozakia,0.00626,0.0053,0.00148,0.00375,0.00561,0.00581,0.01609,0.00124,0.0029,0.00185,0.00242,0.00087,0.00447,0.00477
Kribbella,0.06047,0.05431,0.08897,0.04949,0.07437,0.10456,0.04826,0.07959,0.04633,0.05006,0.05934,0.05461,0.07596,0.04531
Kroosvirus,0.0,0.0,0.0,0.0,0.0,0.00097,0.0,0.0,0.0,0.0,0.0,0.0,0.0,0.0
Kroppenstedtia,0.0,0.00265,0.00148,0.0,0.00561,0.00097,0.00402,0.00249,0.0029,0.0,0.00061,0.00043,0.00335,0.0
Ktedonosporobacter,0.0146,0.01987,0.00297,0.009,0.02105,0.02517,0.01609,0.00497,0.0,0.00185,0.00363,0.00173,0.02122,0.00477
Kuenenia,0.00209,0.00265,0.0,0.0,0.00421,0.0029,0.0,0.00124,0.0029,0.0,0.0,0.00087,0.0,0.0
Kungbxnavirus,0.0,0.0,0.0,0.0,0.0,0.0,0.0,0.0,0.0,0.0,0.00061,0.0,0.0,0.0
Kurthia,0.0,0.00265,0.0,0.0,0.0,0.0,0.0,0.0,0.0,0.0,0.00061,0.00043,0.00223,0.00119
Kushneria,0.01043,0.01192,0.00445,0.0045,0.01123,0.00871,0.0,0.00497,0.0029,0.00556,0.00666,0.00607,0.00782,0.01192
Kutzneria,0.10218,0.09272,0.11121,0.13048,0.18663,0.25075,0.04826,0.13679,0.12162,0.08529,0.066,0.06501,0.12064,0.06677
Kyrpidia,0.00209,0.00397,0.00297,0.00225,0.00561,0.0029,0.0,0.00497,0.0029,0.00371,0.00182,0.0013,0.00782,0.00358
Kytococcus,0.00209,0.00397,0.01779,0.01275,0.01263,0.02033,0.00804,0.0286,0.01737,0.01669,0.0218,0.01994,0.0067,0.01789
Labilibaculum,0.0,0.0,0.00297,0.00225,0.0014,0.0029,0.0,0.00249,0.0,0.00185,0.00182,0.0026,0.00112,0.00119
Labilithrix,0.13971,0.08213,0.07562,0.08849,0.07437,0.08423,0.06033,0.11192,0.11873,0.16316,0.05874,0.01647,0.06591,0.08108
Labrenzia,0.05005,0.05034,0.01928,0.03974,0.03368,0.03582,0.06435,0.04228,0.00869,0.01854,0.02543,0.02297,0.04357,0.02981
Labrys,0.03336,0.02649,0.05635,0.04799,0.04631,0.05712,0.02011,0.03979,0.01448,0.03152,0.02725,0.03034,0.03128,0.05127
Laceyella,0.00209,0.0,0.00741,0.00075,0.0014,0.00097,0.0,0.00373,0.0,0.0,0.00182,0.00043,0.0,0.00119
Lachancea,0.0,0.0,0.0,0.0,0.0014,0.0,0.0,0.0,0.0,0.0,0.0,0.00043,0.0,0.0
Lachnoanaerobaculum,0.0,0.0,0.00148,0.0,0.0,0.0,0.0,0.00124,0.0,0.0,0.0,0.0,0.0,0.0
Lachnoclostridium,0.0,0.00265,0.00445,0.00075,0.00561,0.00387,0.00804,0.00124,0.0,0.0,0.00121,0.00347,0.0067,0.00358
Lachnospira,0.0,0.0,0.0,0.0,0.0,0.0,0.0,0.0,0.0,0.0,0.0,0.0013,0.0,0.0
Lacibacter,0.00834,0.01457,0.00445,0.0135,0.00281,0.0029,0.0,0.00497,0.0029,0.02039,0.02664,0.03944,0.00223,0.02146
Lacimicrobium,0.0,0.0,0.0,0.0015,0.0,0.00194,0.0,0.00249,0.0,0.0,0.0,0.00043,0.00335,0.00238
Lacinutrix,0.00209,0.00132,0.0,0.003,0.0,0.0,0.0,0.0,0.0,0.0,0.0,0.00693,0.0,0.0
Lacipirellula,0.03962,0.04371,0.06524,0.0195,0.02666,0.01065,0.0362,0.02363,0.04633,0.03152,0.02725,0.00607,0.01229,0.03219
Lacrimispora,0.0,0.0,0.0,0.00075,0.0,0.00097,0.0,0.0,0.0029,0.0,0.0,0.00043,0.00112,0.0
Lacticaseibacillus,0.00209,0.0053,0.00297,0.00075,0.0014,0.00581,0.00402,0.00124,0.0029,0.00185,0.00182,0.00173,0.00559,0.00715
Lactiplantibacillus,0.0,0.00132,0.0,0.0015,0.00281,0.0029,0.0,0.00124,0.0,0.01112,0.00545,0.00173,0.00223,0.00238
Lactobacillus,0.00209,0.00795,0.00593,0.00075,0.00281,0.0029,0.00402,0.00249,0.0029,0.01112,0.00363,0.0026,0.00447,0.00238
Lactococcus,0.0,0.00132,0.01038,0.01725,0.00561,0.00581,0.0,0.00746,0.0029,0.01112,0.00242,0.01257,0.00223,0.00238
Lacunisphaera,0.20435,0.05034,0.04893,0.22422,0.0884,0.11327,0.02413,0.05347,0.07819,0.12608,0.10355,0.00737,0.02569,0.08108
Lancefieldella,0.0,0.0,0.0,0.00075,0.0014,0.0,0.0,0.00124,0.0,0.0,0.00242,0.00043,0.00112,0.00119
Lapidilactobacillus,0.0,0.0,0.0,0.0,0.0014,0.0,0.0,0.0,0.0,0.00185,0.0,0.00087,0.0,0.0
Laribacter,0.02085,0.01325,0.01038,0.01275,0.01824,0.01452,0.0,0.00995,0.03475,0.02039,0.01695,0.03034,0.03128,0.02742
Larkinella,0.0,0.00795,0.0,0.0,0.0,0.00097,0.0,0.00249,0.0029,0.0,0.00303,0.00087,0.00223,0.00358
Latilactobacillus,0.0,0.0,0.00148,0.0015,0.0014,0.0,0.00402,0.00124,0.0,0.0,0.00121,0.00173,0.0,0.00358
Lautropia,0.01043,0.00927,0.00593,0.03899,0.02105,0.01259,0.00402,0.02238,0.03765,0.0241,0.02422,0.01517,0.02011,0.02623
Lawsonella,0.0,0.0,0.0,0.0,0.0014,0.00097,0.0,0.00124,0.0,0.0,0.00182,0.00087,0.00112,0.00119
Lawsonia,0.0,0.0,0.0,0.0,0.0,0.0,0.0,0.0,0.0,0.0,0.0,0.0,0.0,0.00238
Lawsonibacter,0.00417,0.0,0.00148,0.00375,0.00281,0.0,0.00402,0.00124,0.00579,0.0,0.00061,0.00043,0.0,0.00477
Leadbettera,0.0,0.00132,0.00148,0.0,0.00281,0.0,0.0,0.00249,0.0029,0.0,0.00061,0.00087,0.00223,0.00238
Leadbetterella,0.0,0.00132,0.0,0.0,0.0,0.0,0.0,0.00124,0.0,0.0,0.00061,0.00303,0.00112,0.0
Leclercia,0.00834,0.01722,0.01186,0.01425,0.01684,0.01452,0.00402,0.01119,0.01448,0.02596,0.0109,0.00433,0.01787,0.02862
Lederbergia,0.0,0.0,0.0,0.00075,0.0,0.0,0.0,0.0,0.0,0.0,0.0,0.0,0.0,0.0
Leeuwenhoekiella,0.0,0.0,0.0,0.0015,0.0014,0.0,0.0,0.00124,0.0,0.00185,0.0,0.00087,0.00223,0.00119
Legionella,0.00626,0.00795,0.01779,0.02325,0.01684,0.02033,0.02011,0.00995,0.02896,0.03152,0.02664,0.0065,0.07261,0.04173
Leifsonia,0.05422,0.05431,0.06524,0.05849,0.06034,0.06583,0.02413,0.06964,0.05792,0.0445,0.0442,0.04594,0.04468,0.04769
Leishmania,0.00834,0.00662,0.00148,0.00825,0.00982,0.01259,0.00804,0.00497,0.01158,0.01298,0.00787,0.00997,0.00447,0.01669
Leisingera,0.05005,0.05299,0.05931,0.05099,0.0449,0.04066,0.04022,0.03482,0.05792,0.03894,0.08962,0.16514,0.0391,0.062
Lelliottia,0.0,0.00265,0.00148,0.0015,0.0014,0.00097,0.0,0.0,0.00869,0.0,0.00061,0.00303,0.01005,0.00119
Leminorella,0.0,0.0,0.00148,0.00075,0.00281,0.00194,0.0,0.00124,0.0,0.00371,0.00182,0.00087,0.00447,0.00119
Lentibacillus,0.0,0.00265,0.0,0.0015,0.0,0.0,0.0,0.00249,0.0,0.0,0.0,0.00043,0.00335,0.0
Lentibacter,0.0,0.00132,0.00297,0.003,0.0,0.00194,0.00402,0.0,0.0,0.0,0.00182,0.00303,0.00447,0.00119
Lentilactobacillus,0.0,0.0,0.00148,0.00075,0.0,0.0,0.00402,0.0,0.0,0.0,0.0,0.00087,0.00112,0.0
Lentilitoribacter,0.00209,0.0,0.00148,0.0015,0.0,0.00194,0.00402,0.0,0.0,0.00185,0.00061,0.0,0.00223,0.0
Lentisphaera,0.0,0.00132,0.00297,0.00075,0.0,0.00097,0.0,0.00249,0.0029,0.00185,0.00061,0.00087,0.0,0.00119
Lentzea,0.0146,0.03312,0.043,0.036,0.05192,0.05712,0.03218,0.05596,0.03765,0.04079,0.03209,0.03121,0.02793,0.02862
Leptodesmis,0.00417,0.00265,0.00148,0.00075,0.0,0.0,0.00402,0.00124,0.0029,0.0,0.0,0.0,0.00335,0.0
Leptogranulimonas,0.0,0.0,0.00297,0.003,0.0,0.00097,0.0,0.0,0.0,0.0,0.0,0.00043,0.0,0.00238
Leptolyngbya,0.02711,0.01325,0.01631,0.00825,0.01123,0.01259,0.00402,0.01119,0.00579,0.01483,0.00606,0.0026,0.01229,0.01312
Leptospira,0.05839,0.04371,0.04893,0.0225,0.05332,0.03388,0.01207,0.04228,0.02317,0.05748,0.01332,0.0013,0.02346,0.04531
Leptospirillum,0.00834,0.0053,0.00593,0.0045,0.00982,0.00678,0.00804,0.00124,0.0029,0.00742,0.00061,0.0,0.00447,0.00596
Leptothermofonsia,0.0,0.00265,0.00297,0.00075,0.0,0.0,0.0,0.00373,0.0029,0.0,0.00061,0.0013,0.00223,0.0
Leptothrix,0.21687,0.33646,0.129,0.41694,0.16278,0.10649,0.05631,0.28228,0.42858,0.36339,1.40665,0.38185,0.28597,0.32313
Leptotrichia,0.00209,0.0,0.0,0.00225,0.0,0.0,0.0,0.0,0.0,0.0,0.00121,0.00173,0.00112,0.00119
Lessievirus,0.00209,0.0,0.0,0.0,0.0,0.00097,0.0,0.0,0.0,0.0,0.0,0.0,0.0,0.0
Leucobacter,0.04796,0.04901,0.06079,0.05324,0.04911,0.06196,0.0362,0.06093,0.0666,0.08158,0.06116,0.06501,0.06702,0.05843
Leuconostoc,0.0,0.00132,0.0,0.0015,0.0,0.0,0.0,0.00124,0.0,0.00185,0.00061,0.00087,0.00335,0.00119
Levilactobacillus,0.00209,0.00265,0.0,0.00075,0.0,0.00097,0.0,0.00622,0.0,0.00556,0.00182,0.0013,0.00112,0.00119
Liberibacter,0.00209,0.00265,0.00593,0.00075,0.0014,0.0,0.0,0.00124,0.0,0.0,0.00182,0.00043,0.00335,0.00119
Lichenicoccus,0.01251,0.0106,0.01928,0.0285,0.02807,0.02517,0.00804,0.01865,0.00869,0.01483,0.00606,0.0078,0.01564,0.01789
Lichenicola,0.01043,0.00927,0.01335,0.01725,0.01263,0.02227,0.00402,0.01617,0.00869,0.00556,0.00606,0.00737,0.01787,0.01789
Lichenihabitans,0.02085,0.02649,0.04597,0.03974,0.04911,0.05034,0.07642,0.0286,0.04344,0.02596,0.01695,0.0156,0.04692,0.04412
Ligilactobacillus,0.0,0.0,0.00148,0.003,0.0,0.00097,0.0,0.00124,0.00579,0.00185,0.00182,0.0039,0.00112,0.00238
Lignipirellula,0.02919,0.00397,0.02521,0.00525,0.01123,0.00871,0.02011,0.01119,0.00869,0.01112,0.01029,0.00563,0.00782,0.01669
Limihaloglobus,0.0,0.00132,0.0,0.0015,0.0,0.00097,0.0,0.0,0.0,0.0,0.00121,0.00043,0.0,0.0
Limimaricola,0.00209,0.0106,0.02372,0.012,0.00982,0.01452,0.0,0.01617,0.02027,0.00742,0.02543,0.03337,0.00782,0.02265
Limnobacter,0.00417,0.00795,0.00297,0.0105,0.0014,0.00387,0.01207,0.00249,0.00579,0.00742,0.00424,0.00347,0.00335,0.00238
Limnobaculum,0.0,0.0,0.00148,0.0015,0.0,0.0,0.00804,0.0,0.0,0.0,0.00061,0.0,0.00112,0.00119
Limnochorda,0.00626,0.00397,0.01335,0.00225,0.00982,0.00775,0.01207,0.00249,0.01737,0.01483,0.00303,0.0026,0.01452,0.00715
Limnoglobus,0.05213,0.03709,0.07266,0.03974,0.01824,0.02614,0.01207,0.04352,0.04344,0.0241,0.02422,0.00433,0.01564,0.05246
Limnohabitans,0.04379,0.26757,0.02076,0.17398,0.09261,0.05422,1.04167,0.41409,0.16216,0.30221,0.27915,0.1764,0.58534,0.5926
Limnospira,0.00209,0.0053,0.00148,0.00075,0.00702,0.00581,0.0,0.0,0.00579,0.0,0.00061,0.0,0.0,0.00596
Limosilactobacillus,0.00417,0.00265,0.00297,0.0045,0.0014,0.0,0.00402,0.00249,0.0029,0.0,0.00121,0.0026,0.00447,0.00358
Liquorilactobacillus,0.0,0.0,0.00148,0.0,0.0,0.00097,0.00402,0.0,0.0,0.0,0.00061,0.00043,0.0,0.0
Listeria,0.0,0.0,0.0,0.00075,0.0,0.00387,0.00402,0.00746,0.0029,0.00185,0.00182,0.00087,0.00112,0.00477
Litorilituus,0.0,0.0,0.0,0.0015,0.0014,0.0,0.0,0.0,0.0,0.0,0.00182,0.00087,0.00335,0.00119
Litorivicinus,0.00209,0.0,0.00148,0.0015,0.0014,0.00387,0.0,0.00249,0.0,0.00556,0.00303,0.00173,0.00559,0.00119
Lodderomyces,0.0,0.0,0.0,0.0015,0.0,0.00097,0.0,0.00124,0.0,0.0,0.00061,0.0013,0.0,0.00119
Loigolactobacillus,0.0,0.00132,0.00148,0.00075,0.0,0.0,0.0,0.0,0.0,0.00185,0.00061,0.00043,0.0,0.00238
Loktanella,0.00209,0.00397,0.00593,0.00825,0.0014,0.00387,0.0,0.00249,0.00869,0.00742,0.01453,0.0117,0.00335,0.00835
Lomovskayavirus,0.0,0.0,0.0,0.0,0.0,0.00097,0.0,0.0,0.0,0.0,0.0,0.0,0.0,0.0
Longicatena,0.0,0.0,0.0,0.0,0.0,0.0,0.0,0.0,0.0,0.0,0.00121,0.00087,0.0,0.0
Longitalea,0.00209,0.0,0.0,0.0,0.0,0.0,0.0,0.0,0.0029,0.00185,0.0,0.0013,0.0,0.0
Lonsdalea,0.00626,0.0053,0.00741,0.00225,0.0014,0.0029,0.0,0.0,0.0,0.00371,0.00121,0.00217,0.00894,0.00238
Luchadorvirus,0.0,0.0,0.0,0.0,0.0,0.0,0.0,0.0,0.0,0.0,0.00061,0.0,0.0,0.0
Luteibacter,0.0855,0.06756,0.05338,0.07124,0.06876,0.05809,0.06837,0.06093,0.06371,0.06304,0.05026,0.02557,0.06144,0.062
Luteimicrobium,0.01251,0.00795,0.02372,0.0105,0.01263,0.01259,0.00804,0.01865,0.01737,0.00556,0.02119,0.01647,0.02346,0.00119
Luteimonas,0.11052,0.08478,0.13049,0.12598,0.0842,0.10456,0.06837,0.10197,0.1361,0.12793,0.06782,0.05548,0.09383,0.09062
Luteipulveratus,0.00209,0.0053,0.01779,0.0135,0.00702,0.02711,0.01207,0.01617,0.02027,0.01298,0.01151,0.02427,0.01787,0.00954
Luteitalea,0.25231,0.1828,0.27432,0.08324,0.11928,0.0881,0.0925,0.23627,0.34749,0.28923,0.11929,0.02557,0.13517,0.2027
Luteithermobacter,0.00626,0.00265,0.00148,0.00075,0.00421,0.00484,0.0,0.0,0.00579,0.00185,0.00303,0.00087,0.00559,0.00238
Luteolibacter,0.04379,0.03576,0.02966,0.02925,0.03929,0.0213,0.02413,0.02611,0.04923,0.01854,0.0224,0.01257,0.0134,0.04293
Lutibacter,0.0,0.00132,0.0,0.003,0.0,0.00097,0.0,0.00124,0.0,0.00185,0.00303,0.00867,0.00112,0.00119
Lutimonas,0.0,0.0,0.0,0.0,0.0014,0.0,0.0,0.0,0.0,0.0,0.0,0.00087,0.00112,0.0
Lysinibacillus,0.0,0.0,0.00297,0.00225,0.00421,0.00484,0.0,0.00124,0.0,0.00185,0.00787,0.00347,0.00559,0.00358
Lysinibacter,0.00209,0.00132,0.0,0.00075,0.0014,0.0,0.0,0.0,0.0,0.0,0.0,0.0,0.0,0.0
Lysobacter,0.29402,0.22519,0.30991,0.3667,0.21891,0.21008,0.11261,0.2599,0.36197,0.24288,0.26341,0.1478,0.25134,0.23967
Macellibacteroides,0.0,0.00265,0.0,0.0,0.0014,0.00097,0.0,0.0,0.0,0.0,0.0,0.00087,0.0,0.0
Machinavirus,0.0,0.0,0.0,0.00075,0.0,0.0,0.0,0.0,0.0,0.0,0.0,0.0,0.0,0.0
Macrococcus,0.00417,0.0,0.0,0.00075,0.0014,0.00387,0.0,0.00249,0.0,0.00371,0.00121,0.00173,0.0,0.00119
Mageeibacillus,0.0,0.0,0.00148,0.0,0.0014,0.00097,0.0,0.0,0.0,0.0,0.0,0.0,0.0,0.0
Magnetococcus,0.00417,0.0,0.00148,0.0,0.0014,0.0,0.0,0.00249,0.0,0.00371,0.00182,0.00217,0.00559,0.00358
Magnetospira,0.00209,0.00662,0.00593,0.00675,0.00561,0.00581,0.0,0.00373,0.0,0.00742,0.00303,0.00303,0.00447,0.00835
Magnetospirillum,0.05213,0.04901,0.07414,0.10649,0.09963,0.07551,0.05631,0.06466,0.06081,0.0686,0.0442,0.03381,0.11618,0.062
Mahella,0.00209,0.00132,0.0,0.00075,0.0,0.0,0.00402,0.00124,0.0,0.00185,0.0,0.00043,0.00112,0.00119
Maioricimonas,0.02294,0.0106,0.03114,0.0075,0.01824,0.01452,0.0,0.01865,0.01737,0.00185,0.00848,0.0013,0.01117,0.01431
Malaciobacter,0.0,0.0,0.0,0.0,0.0,0.0,0.00402,0.0,0.0,0.00185,0.00061,0.00607,0.00335,0.00119
Malacoplasma,0.0,0.0,0.0,0.0,0.0,0.0,0.0,0.0,0.0,0.0,0.00121,0.00173,0.00112,0.00119
Malassezia,0.00834,0.00662,0.00148,0.0075,0.0014,0.00194,0.0,0.00249,0.00579,0.00742,0.00484,0.00693,0.00447,0.00119
Maliibacterium,0.0,0.00265,0.00741,0.00075,0.0014,0.0029,0.00402,0.00373,0.00579,0.00742,0.00242,0.00087,0.00559,0.00119
Mameliella,0.01043,0.00265,0.00148,0.01125,0.00982,0.01065,0.00804,0.00746,0.01737,0.00742,0.01877,0.04248,0.00447,0.02981
Mammaliicoccus,0.0,0.0,0.0,0.00075,0.0,0.0,0.0,0.0,0.0,0.0,0.0,0.00087,0.00223,0.00119
Mangrovibacillus,0.0,0.0,0.00148,0.0,0.0,0.0,0.0,0.0,0.0,0.0,0.0,0.0,0.0,0.00119
Mangrovibacterium,0.00209,0.0,0.00148,0.0,0.0014,0.00097,0.0,0.00373,0.0,0.00185,0.0,0.0,0.00112,0.00119
Mangrovimonas,0.0,0.0,0.0,0.00075,0.0,0.0,0.0,0.00124,0.0029,0.0,0.0,0.00217,0.00112,0.0
Mangrovivirga,0.00209,0.00132,0.0,0.0,0.0014,0.00097,0.0,0.0,0.0029,0.0,0.00061,0.0013,0.0,0.00238
Mannheimia,0.00209,0.00132,0.00148,0.00225,0.0,0.00194,0.00804,0.0,0.0,0.00371,0.00182,0.00217,0.01787,0.00358
Marasmius,0.0,0.00265,0.00297,0.00225,0.0014,0.0,0.0,0.0,0.0,0.0,0.00242,0.00347,0.0,0.00358
Maribacter,0.00209,0.00132,0.00148,0.00675,0.0,0.00194,0.0,0.00746,0.00579,0.00556,0.00424,0.00824,0.00335,0.00358
Maribellus,0.0,0.0,0.00148,0.0,0.0014,0.00097,0.00402,0.00124,0.0,0.0,0.0,0.00087,0.00112,0.00119
Maricaulis,0.01043,0.00662,0.00445,0.0105,0.00842,0.00484,0.01207,0.00373,0.0029,0.00556,0.00303,0.0039,0.00447,0.00477
Marichromatium,0.01877,0.00795,0.01779,0.01875,0.01403,0.01065,0.00402,0.02114,0.02606,0.01483,0.01151,0.0117,0.02122,0.00715
Maridesulfovibrio,0.00626,0.00662,0.00297,0.00525,0.0,0.00775,0.00402,0.00622,0.0029,0.00556,0.00121,0.00043,0.0067,0.00596
Mariluticola,0.00626,0.0053,0.01038,0.01275,0.0014,0.00871,0.00402,0.00373,0.00579,0.00185,0.00424,0.00563,0.00335,0.01073
Marinagarivorans,0.0,0.0,0.00297,0.0015,0.0,0.00097,0.0,0.00124,0.0029,0.0,0.00242,0.00043,0.00782,0.00358
Mariniblastus,0.0,0.00265,0.00445,0.00225,0.0014,0.00097,0.0,0.00249,0.0,0.00185,0.00061,0.00043,0.00335,0.00477
Marinicauda,0.01877,0.00927,0.02669,0.0135,0.01263,0.00968,0.01207,0.00995,0.02606,0.02039,0.01211,0.0091,0.01564,0.01669
Marinifilum,0.0,0.00132,0.0,0.00225,0.0014,0.0,0.0,0.00249,0.0029,0.00185,0.0,0.00303,0.00223,0.0
Mariniflexile,0.00209,0.00132,0.0,0.00075,0.0014,0.0,0.0,0.00124,0.0,0.0,0.00242,0.00217,0.0,0.0
Marinilactibacillus,0.0,0.0,0.0,0.0,0.0,0.0,0.0,0.0,0.00579,0.00185,0.00121,0.0,0.0,0.00119
Marinilongibacter,0.0,0.0,0.00593,0.00225,0.0,0.0,0.0,0.00124,0.0,0.0,0.0,0.00173,0.0,0.00358
Marinimicrobium,0.00417,0.0,0.00148,0.00525,0.00281,0.00387,0.00402,0.00249,0.0,0.00185,0.00424,0.00173,0.00447,0.00715
Marinithermus,0.01251,0.0053,0.00741,0.00075,0.00702,0.00387,0.0,0.00373,0.0029,0.00371,0.00424,0.00217,0.00894,0.00596
Marinobacter,0.02502,0.04239,0.06821,0.07124,0.0449,0.05228,0.04022,0.05098,0.04054,0.05377,0.07024,0.03684,0.15192,0.07154
Marinobacterium,0.01668,0.00927,0.01928,0.02025,0.02245,0.01452,0.00402,0.01119,0.01737,0.01298,0.01998,0.0104,0.04468,0.02146
Marinomonas,0.00417,0.00397,0.00445,0.00675,0.00281,0.00387,0.01609,0.00249,0.00579,0.0241,0.01272,0.00347,0.04468,0.02027
Mariprofundus,0.0,0.00397,0.01038,0.003,0.0,0.00387,0.01207,0.00124,0.0,0.00185,0.00061,0.00087,0.00335,0.00477
Marisediminicola,0.00834,0.0,0.00741,0.0075,0.00982,0.00484,0.0,0.00249,0.0029,0.00371,0.01393,0.00824,0.00223,0.00238
Marispirochaeta,0.0,0.0,0.00297,0.0015,0.00281,0.00194,0.00402,0.00249,0.0,0.00742,0.00242,0.00087,0.0,0.00358
Maritalea,0.00209,0.00795,0.00148,0.0075,0.00281,0.00581,0.00402,0.00373,0.00579,0.00185,0.00182,0.00043,0.00559,0.00715
Marivirga,0.00209,0.00132,0.00148,0.00975,0.00561,0.00097,0.0,0.00373,0.0029,0.00185,0.00424,0.0039,0.00112,0.00119
Marivivens,0.00209,0.0053,0.00445,0.00675,0.00561,0.00968,0.00804,0.00373,0.0029,0.00371,0.01756,0.01604,0.00335,0.02265
Marixanthomonas,0.0,0.0053,0.0,0.0,0.0,0.0,0.0,0.0,0.0,0.0,0.00061,0.00087,0.0,0.00119
Marnyiella,0.0,0.00132,0.00297,0.0,0.0,0.0,0.0,0.0,0.0029,0.00185,0.0,0.00087,0.0,0.0
Martelella,0.07507,0.0808,0.09045,0.05999,0.07578,0.07745,0.04826,0.06466,0.07239,0.05748,0.04844,0.06371,0.05697,0.08943
Marvinbryantia,0.0,0.00132,0.00148,0.00075,0.0014,0.0,0.0,0.0,0.0,0.0,0.0,0.00043,0.0,0.0
Massilia,0.40871,0.35368,0.32473,0.53468,0.28907,0.26139,0.28153,0.40539,0.48939,0.46907,0.47958,0.30123,0.46917,0.43521
Massilistercora,0.00417,0.00132,0.00593,0.00075,0.00561,0.0,0.0,0.0,0.0,0.0,0.00061,0.0,0.00112,0.00477
Mastadenovirus,0.0,0.0,0.0,0.0,0.0,0.0,0.0,0.0,0.0,0.0,0.0,0.0,0.00112,0.0
Mediterraneibacter,0.00417,0.00132,0.00297,0.00075,0.00281,0.0029,0.0,0.00124,0.0029,0.00371,0.00182,0.05158,0.0,0.0
Megalodesulfovibrio,0.00209,0.00132,0.00297,0.00375,0.00421,0.00097,0.00804,0.00373,0.0029,0.00927,0.00484,0.0013,0.00447,0.00954
Megamonas,0.0,0.0,0.0,0.0,0.0,0.0,0.0,0.00124,0.0,0.0,0.00121,0.00173,0.0,0.0
Megasphaera,0.00209,0.00265,0.00593,0.003,0.00281,0.0029,0.0,0.00124,0.01158,0.00185,0.00121,0.00737,0.00894,0.00119
Megavirus,0.0,0.0,0.0,0.0,0.0,0.0,0.0,0.0,0.0,0.0,0.0,0.00043,0.0,0.0
Meiothermus,0.00417,0.0053,0.00297,0.0015,0.00421,0.00194,0.0,0.00249,0.01448,0.00556,0.02846,0.0026,0.0134,0.01073
Melaminivora,0.10635,0.11922,0.05486,0.16498,0.07999,0.05131,0.0,0.07461,0.11004,0.10383,0.1859,0.16774,0.07708,0.13831
Melioribacter,0.0,0.00132,0.00148,0.0,0.00281,0.00097,0.0,0.0,0.0,0.00185,0.00061,0.00043,0.00112,0.00119
Melissococcus,0.0,0.0,0.0,0.00075,0.0,0.0,0.0,0.0,0.0,0.0,0.0,0.0,0.0,0.00119
Melittangium,0.02085,0.01854,0.01928,0.01575,0.01263,0.01355,0.0,0.02611,0.03475,0.03337,0.01756,0.0065,0.03463,0.02742
Melvirus,0.0,0.0,0.0,0.0,0.0,0.0,0.0,0.0,0.0,0.0,0.0,0.00043,0.0,0.0
Mergibacter,0.0,0.0,0.0,0.0,0.0,0.0,0.0,0.0,0.0,0.00185,0.00121,0.0,0.0067,0.0
Mesobacillus,0.0,0.00132,0.00297,0.00225,0.0014,0.00194,0.00402,0.00249,0.0,0.00556,0.00303,0.00087,0.00447,0.00119
Mesoflavibacter,0.0,0.0,0.00148,0.00075,0.0,0.0,0.0,0.0,0.0,0.0,0.00061,0.00217,0.0,0.0
Mesomycoplasma,0.00209,0.00132,0.0,0.0,0.0,0.0,0.0,0.00124,0.0,0.0,0.00182,0.0013,0.0,0.0
Mesoplasma,0.0,0.0,0.0,0.0,0.0,0.00194,0.0,0.0,0.0,0.0,0.00061,0.00087,0.0,0.0
Mesorhizobium,1.24281,1.31138,1.62367,1.23434,1.54498,1.29245,1.13417,1.3231,0.889,0.77685,0.87197,0.78667,1.08244,1.23767
Mesoterricola,0.02711,0.07418,0.02076,0.01725,0.06455,0.03873,0.02011,0.02736,0.05502,0.05562,0.06298,0.03814,0.04021,0.03696
Mesotoga,0.0,0.00397,0.00148,0.0,0.0,0.00194,0.0,0.0,0.0029,0.0,0.00121,0.00043,0.00112,0.00119
Metabacillus,0.0,0.00265,0.00297,0.00075,0.0014,0.00194,0.0,0.0,0.0029,0.00371,0.00121,0.0013,0.00559,0.00119
Metallibacterium,0.0,0.00132,0.00148,0.00075,0.0,0.0029,0.00402,0.0,0.00579,0.00556,0.00061,0.00043,0.0,0.0
Metallosphaera,0.0,0.00132,0.0,0.0,0.0014,0.0,0.0,0.0,0.0,0.0,0.0,0.0,0.0,0.0
Metamycoplasma,0.00209,0.0,0.0,0.0,0.0,0.0,0.0,0.0,0.0,0.0,0.00061,0.00043,0.00112,0.00238
Methanimicrococcus,0.00209,0.0,0.0,0.0,0.00281,0.0,0.0,0.0,0.0,0.0,0.0,0.0,0.00112,0.0
Methanobacterium,0.00209,0.0,0.00148,0.003,0.04069,0.01355,0.04826,0.00249,0.01737,0.00742,0.00606,0.06328,0.00447,0.00358
Methanobrevibacter,0.0,0.0,0.0,0.00075,0.0014,0.0,0.0,0.0,0.0029,0.0,0.00121,0.1426,0.0,0.00119
Methanocaldococcus,0.00209,0.0,0.0,0.00075,0.0014,0.00194,0.0,0.0,0.0,0.0,0.0,0.0,0.0,0.0
Methanocella,0.01251,0.00927,0.0,0.0015,0.00702,0.00678,0.00402,0.00746,0.01448,0.0,0.00363,0.00087,0.02122,0.01789
Methanococcoides,0.0,0.00132,0.0,0.0,0.0,0.0,0.0,0.0,0.0,0.0,0.00061,0.0,0.0,0.00119
Methanococcus,0.0,0.0,0.0,0.00075,0.0,0.00097,0.0,0.0,0.0,0.00185,0.00061,0.00043,0.0,0.0
Methanocorpusculum,0.0,0.0,0.00148,0.00075,0.0,0.0,0.0,0.00124,0.0,0.0,0.0,0.0,0.00223,0.0
Methanoculleus,0.0,0.00265,0.00148,0.00075,0.00842,0.00194,0.01207,0.00373,0.01158,0.01298,0.00182,0.00303,0.00335,0.00238
Methanofervidicoccus,0.0,0.0,0.0,0.0,0.0,0.0,0.0,0.0,0.0,0.0,0.0,0.0,0.00112,0.0
Methanofollis,0.00626,0.0,0.00148,0.0015,0.00281,0.0029,0.00402,0.00373,0.0029,0.00556,0.00242,0.00217,0.00112,0.00835
Methanogenium,0.0,0.0,0.0,0.0,0.0,0.0,0.00804,0.00124,0.0,0.00185,0.0,0.0,0.0,0.00119
Methanohalobium,0.0,0.0,0.0,0.0,0.0,0.0,0.0,0.0,0.0,0.00185,0.0,0.00043,0.0,0.0
Methanohalophilus,0.00209,0.0,0.0,0.0,0.0,0.00097,0.0,0.0,0.0029,0.0,0.0,0.0,0.00112,0.0
Methanolacinia,0.0,0.0,0.0,0.0,0.0014,0.0,0.0,0.00124,0.0,0.0,0.00061,0.0,0.0,0.0
Methanolobus,0.00209,0.00132,0.00148,0.0015,0.0014,0.0029,0.0,0.0,0.0,0.0,0.00061,0.0,0.00112,0.0
Methanomassiliicoccus,0.00209,0.0,0.0,0.0,0.00281,0.0,0.00402,0.00124,0.0029,0.00185,0.00061,0.0,0.00335,0.0
Methanomethylophilus,0.00209,0.00397,0.0,0.0,0.00281,0.00097,0.0,0.0,0.0,0.0,0.00061,0.0,0.0,0.0
Methanomethylovorans,0.0,0.00265,0.0,0.00075,0.0014,0.00097,0.0,0.00124,0.0,0.0,0.0,0.00043,0.0,0.0
Methanomicrobium,0.0,0.0,0.0,0.00075,0.0,0.0,0.0,0.0,0.0,0.0,0.0,0.0,0.0,0.0
Methanoplanus,0.0,0.00132,0.0,0.0,0.0,0.0,0.0,0.00124,0.0,0.0,0.0,0.0,0.00223,0.0
Methanoplasma,0.0,0.0,0.0,0.0,0.0014,0.00097,0.00804,0.0,0.0,0.0,0.0,0.0,0.0,0.0
Methanopyrus,0.0,0.0,0.0,0.0,0.00281,0.0,0.0,0.0,0.0,0.0,0.0,0.0,0.0,0.00119
Methanoregula,0.00626,0.0053,0.00297,0.0,0.20908,0.03001,0.06435,0.06591,0.09266,0.1131,0.00727,0.00477,0.01564,0.08823
Methanosalsum,0.0,0.0,0.0,0.0,0.0,0.00097,0.0,0.0,0.0,0.0,0.0,0.0,0.0,0.0
Methanosarcina,0.00209,0.0,0.00445,0.00375,0.10244,0.06583,0.04424,0.01617,0.0029,0.02225,0.02059,0.0104,0.00782,0.02027
Methanosphaera,0.0,0.0,0.0,0.00075,0.0,0.00097,0.0,0.0,0.0,0.0,0.0,0.00087,0.0,0.0
Methanosphaerula,0.0,0.00132,0.00297,0.0,0.0014,0.00097,0.0,0.0,0.0,0.00185,0.00121,0.0,0.0,0.0
Methanospirillum,0.0,0.0,0.0,0.0,0.0014,0.00097,0.00402,0.00249,0.0029,0.00556,0.0,0.0013,0.0,0.0
Methanothermobacter,0.0,0.0,0.0,0.0,0.0,0.0,0.0,0.0,0.0029,0.00185,0.0,0.0,0.0,0.0
Methanothermococcus,0.0,0.0,0.0,0.0,0.0014,0.0,0.0,0.0,0.0,0.0,0.0,0.0,0.0,0.0
Methanothermus,0.00209,0.0,0.0,0.0,0.0014,0.00097,0.0,0.00124,0.0029,0.0,0.0,0.00217,0.0,0.00119
Methanothrix,0.00417,0.00132,0.0,0.0015,0.02947,0.01839,0.04424,0.01617,0.06081,0.02596,0.00363,0.01344,0.0067,0.02146
Methylacidimicrobium,0.0146,0.00397,0.01483,0.01275,0.00842,0.00581,0.01609,0.00373,0.00579,0.00371,0.00182,0.00087,0.00559,0.00835
Methylacidiphilum (ex Ratnadevi et al. 2023),0.00209,0.0,0.00148,0.0015,0.0014,0.00194,0.0,0.00373,0.0,0.0,0.00121,0.00043,0.00223,0.00477
Methylibium,0.26691,0.18412,0.172,0.23022,0.11787,0.08132,0.04826,0.21637,0.32433,0.36154,0.71513,0.19027,0.24911,0.27186
Methylobacillus,0.01251,0.00795,0.01038,0.03075,0.00702,0.00968,0.01207,0.01244,0.01448,0.02039,0.00606,0.00433,0.08713,0.03577
Methylobacter,0.00834,0.00662,0.00297,0.04199,0.05613,0.08132,0.08848,0.09699,0.31274,0.37637,0.08296,0.10229,1.59406,0.19912
Methylobacterium,0.71732,0.82259,0.80664,0.58042,0.78722,0.70286,0.62339,0.81948,0.6892,0.67117,0.45415,0.33417,0.6345,0.74284
Methylocaldum,0.01877,0.01325,0.01631,0.02175,0.02245,0.02033,0.02815,0.01492,0.04344,0.03523,0.01877,0.01084,0.12735,0.04173
Methylocapsa,0.0563,0.04636,0.03114,0.05024,0.06455,0.05228,0.0925,0.05596,0.02027,0.01854,0.01029,0.00867,0.04133,0.04054
Methyloceanibacter,0.13137,0.13909,0.1898,0.05924,0.11928,0.09972,0.04424,0.07212,0.05792,0.08899,0.03875,0.01864,0.10165,0.06558
Methylocella,0.06881,0.08743,0.10083,0.08024,0.15155,0.12586,0.08848,0.07834,0.05212,0.04079,0.03573,0.03424,0.08155,0.093
Methylococcus,0.04588,0.03974,0.0519,0.09974,0.06876,0.07261,0.08446,0.06342,0.07819,0.10197,0.05389,0.04291,0.49821,0.12043
Methylocystis,0.26691,0.25168,0.27432,1.31533,1.85791,1.87914,3.16522,0.76974,1.60716,0.94,0.15441,1.27514,1.60634,0.76669
Methylogaea,0.00626,0.00132,0.00297,0.01425,0.01824,0.01743,0.01207,0.01492,0.00869,0.01854,0.01635,0.00737,0.10836,0.01789
Methyloligella,0.07298,0.10597,0.15866,0.04424,0.07858,0.0668,0.06033,0.04352,0.09266,0.05377,0.01756,0.00824,0.09383,0.04054
Methylomagnum,0.01251,0.0159,0.01038,0.0225,0.01684,0.02227,0.01207,0.00995,0.02027,0.0241,0.01514,0.0091,0.10165,0.04054
Methylomarinovum,0.01251,0.00265,0.01186,0.01875,0.01684,0.01355,0.00804,0.00995,0.03185,0.01483,0.01514,0.0078,0.0525,0.01908
Methylomicrobium,0.00626,0.00662,0.01038,0.01875,0.02245,0.01936,0.00402,0.03357,0.04923,0.04264,0.04784,0.02254,0.2223,0.05008
Methylomonas,0.06047,0.06226,0.04597,0.12298,0.174,0.2217,0.24533,0.12186,0.19402,0.36154,0.3173,0.09665,4.06166,0.67488
Methylomusa,0.00209,0.00132,0.0,0.0,0.00421,0.00097,0.00402,0.0,0.0029,0.00185,0.0,0.00173,0.00112,0.0
Methylophaga,0.00417,0.0,0.00297,0.0045,0.00421,0.00484,0.01207,0.00124,0.00579,0.01483,0.00484,0.00217,0.04803,0.00715
Methylophilus,0.00626,0.00265,0.00445,0.0315,0.00982,0.0029,0.03218,0.00497,0.00579,0.02225,0.03149,0.00433,0.12288,0.04889
Methylopumilus,0.00209,0.00397,0.0,0.0225,0.00982,0.0029,0.4786,0.00746,0.0029,0.00371,0.00848,0.00563,0.06256,0.02265
Methyloradius,0.0,0.00132,0.0,0.006,0.00421,0.0029,0.04826,0.00497,0.0,0.00371,0.00121,0.0,0.04357,0.02146
Methylorubrum,0.15848,0.1934,0.21204,0.16498,0.20347,0.18298,0.07642,0.17782,0.16796,0.18355,0.08054,0.09015,0.14745,0.17647
Methylosinus,0.14388,0.102,0.09786,0.17848,0.29749,0.26236,0.27751,0.11067,0.14479,0.14832,0.04118,0.12223,0.21448,0.10612
Methylospira,0.00834,0.00795,0.00445,0.009,0.00982,0.01743,0.00804,0.00622,0.00869,0.02225,0.01151,0.00217,0.0983,0.00835
Methylotenera,0.00209,0.00132,0.0,0.02625,0.00281,0.00194,0.04424,0.00622,0.01158,0.00927,0.02543,0.00173,0.10836,0.0465
Methylotuvimicrobium,0.00417,0.00397,0.00148,0.012,0.01544,0.01936,0.02815,0.02611,0.05212,0.07972,0.02725,0.01214,0.30943,0.06916
Methyloversatilis,0.06047,0.01987,0.02817,0.0285,0.03508,0.02033,0.01609,0.03357,0.05502,0.02225,0.0224,0.02254,0.02122,0.03816
Methylovirgula,0.07298,0.06093,0.06821,0.05474,0.12068,0.12198,0.04022,0.07212,0.05212,0.03523,0.01998,0.03684,0.10389,0.07512
Methylovorus,0.0146,0.00662,0.00297,0.036,0.00702,0.01355,0.00804,0.00995,0.02606,0.02596,0.00727,0.00477,0.12735,0.03219
Methylovulum,0.00209,0.00662,0.0,0.02175,0.00842,0.01355,0.02815,0.01741,0.03475,0.05748,0.06055,0.0156,0.26586,0.10851
Micavibrio,0.00209,0.00132,0.00445,0.0015,0.0014,0.0029,0.00402,0.0,0.0029,0.00371,0.00121,0.0013,0.00223,0.00238
Microbacterium,0.36075,0.39871,0.6895,0.55868,0.51078,0.63703,0.26142,0.60559,0.79634,0.81578,0.65458,0.73552,0.60992,0.56637
Microbulbifer,0.06047,0.04371,0.07266,0.06899,0.03789,0.04066,0.06033,0.03482,0.05502,0.04821,0.05086,0.03641,0.09718,0.05246
Microcella,0.04796,0.03709,0.04745,0.04349,0.02526,0.03485,0.02413,0.04228,0.07819,0.07045,0.03028,0.05895,0.04133,0.03935
Micrococcus,0.01877,0.0053,0.086,0.02775,0.04069,0.05228,0.02815,0.04725,0.02317,0.03708,0.04965,0.08105,0.04021,0.02623
Microcystis,0.00209,0.0,0.0,0.00375,0.0014,0.00097,0.0,0.0,0.0,0.00185,0.00424,0.0013,0.00223,0.00954
Microlunatus,0.05839,0.07285,0.08304,0.06449,0.07016,0.1094,0.03218,0.07088,0.04923,0.07972,0.06721,0.07498,0.07373,0.05008
Micromonospora,0.54008,0.44243,0.67319,0.59467,0.78442,1.16563,0.39817,0.68518,0.55889,0.5488,0.525,0.40959,0.67359,0.42448
Micropruina,0.01043,0.00662,0.01483,0.01125,0.01123,0.02033,0.0,0.01865,0.05212,0.01854,0.01332,0.48717,0.01117,0.00596
Microterricola,0.00834,0.01192,0.02521,0.0135,0.0,0.01839,0.02413,0.01865,0.01737,0.01669,0.01332,0.0156,0.00782,0.01073
Microvenator,0.00626,0.0,0.00445,0.00075,0.0,0.0,0.0,0.00249,0.00579,0.00371,0.00242,0.0,0.00112,0.00238
Microvirga,0.28359,0.2689,0.32028,0.20697,0.27784,0.24397,0.21718,0.27855,0.22877,0.20765,0.12292,0.12656,0.20666,0.26351
Microvirgula,0.00834,0.02119,0.01038,0.018,0.00982,0.00678,0.03218,0.01492,0.03765,0.00927,0.01695,0.00824,0.01787,0.0155
Midichloria,0.0,0.0,0.0,0.0015,0.0,0.0,0.0,0.0,0.0,0.0,0.00182,0.0,0.0,0.0
Mieseafarmvirus,0.0,0.0,0.0,0.00075,0.0,0.0,0.0,0.0,0.0,0.0,0.0,0.0,0.0,0.0
Mikella,0.0,0.0,0.0,0.0,0.0,0.0,0.0,0.0,0.0,0.0,0.0,0.0,0.00335,0.0
Miltoncostaea,0.08967,0.09272,0.21204,0.08999,0.12068,0.06971,0.05631,0.15544,0.16216,0.15018,0.08296,0.02124,0.07708,0.0787
Miniimonas,0.02919,0.00662,0.02372,0.01725,0.00702,0.0213,0.01609,0.02487,0.01448,0.01854,0.01635,0.02124,0.02234,0.01192
Minwuia,0.00834,0.00662,0.02521,0.015,0.00421,0.03873,0.0,0.07212,0.00869,0.01298,0.01029,0.00477,0.01117,0.02623
Mixta,0.00626,0.01325,0.00148,0.00975,0.00281,0.01259,0.00402,0.00373,0.00579,0.00927,0.00545,0.00737,0.01117,0.00596
Mobiluncus,0.0,0.00132,0.00148,0.0015,0.0,0.00097,0.0,0.00124,0.0,0.0,0.00182,0.00043,0.00223,0.00358
Modestobacter,0.03962,0.03444,0.07414,0.03899,0.05192,0.11714,0.03218,0.05471,0.06081,0.02596,0.0436,0.04248,0.03016,0.04531
Moellerella,0.0,0.0,0.0,0.00075,0.0014,0.00097,0.0,0.0,0.0,0.0,0.00061,0.00043,0.00112,0.0
Mogibacterium,0.0,0.00132,0.0,0.003,0.0,0.0,0.0,0.0,0.0,0.0,0.00061,0.0,0.0,0.0
Molluscipoxvirus,0.0,0.0,0.00148,0.0,0.0,0.0,0.0,0.0,0.0,0.0,0.0,0.0,0.0,0.0
Mongoliitalea,0.0,0.00132,0.00148,0.00075,0.00281,0.0,0.0,0.00124,0.0,0.00185,0.00182,0.0013,0.0,0.0
Monoglobus,0.0,0.0,0.0,0.0,0.0,0.0,0.0,0.0,0.0,0.0,0.00061,0.0,0.00112,0.0
Montyvirus,0.0,0.0,0.0,0.0,0.0,0.00097,0.0,0.0,0.0,0.0,0.0,0.0,0.0,0.0
Moorella,0.00834,0.00662,0.00593,0.006,0.00281,0.0029,0.01207,0.00249,0.00579,0.00927,0.00424,0.00217,0.0067,0.00715
Moorena,0.00209,0.0,0.00445,0.00375,0.0014,0.0,0.0,0.0,0.0,0.0,0.00182,0.0,0.0,0.00477
Moranella,0.00209,0.00265,0.00148,0.0,0.0,0.0,0.0,0.00124,0.0,0.0,0.0,0.0,0.00112,0.0
Moraxella,0.00626,0.00397,0.00297,0.009,0.00421,0.00581,0.01609,0.00622,0.00869,0.01112,0.01151,0.02427,0.0458,0.0155
Morganella,0.0,0.00662,0.00445,0.00525,0.00281,0.00484,0.00402,0.01244,0.0,0.00371,0.00242,0.0013,0.00447,0.00596
Moritella,0.0,0.0,0.0,0.0015,0.0,0.00097,0.00402,0.0,0.0029,0.00185,0.00121,0.00087,0.00894,0.0
Morococcus,0.0,0.0,0.0,0.00225,0.0,0.0,0.0,0.00373,0.0,0.0,0.0,0.0,0.0,0.0
Moumouvirus,0.0,0.0,0.0,0.0,0.0,0.00097,0.0,0.0,0.0,0.0,0.0,0.0,0.0,0.0
Mucilaginibacter,0.0146,0.03576,0.03114,0.05099,0.03087,0.0455,0.00804,0.03482,0.02317,0.01298,0.04844,0.04464,0.03239,0.03935
Mucisphaera,0.01251,0.00132,0.01038,0.00375,0.00421,0.00387,0.0,0.00497,0.00579,0.00371,0.00242,0.00217,0.00112,0.00358
Mucispirillum,0.0,0.0,0.00148,0.0,0.0,0.0,0.0,0.0,0.0,0.0,0.00061,0.0,0.01117,0.0
Muldoonvirus,0.00209,0.0,0.0,0.0,0.0,0.0,0.0,0.0,0.0,0.0,0.0,0.0,0.0,0.0
Mumia,0.00417,0.01192,0.01186,0.015,0.00982,0.02227,0.00804,0.01368,0.01158,0.00927,0.00908,0.01474,0.01229,0.02981
Murdochiella,0.00209,0.0,0.0,0.00225,0.0,0.0,0.0,0.0,0.0,0.0,0.00121,0.0,0.0,0.0
Muribaculum,0.00209,0.00132,0.00148,0.00375,0.0,0.0,0.00402,0.0,0.0029,0.00185,0.00121,0.0013,0.0,0.00119
Muriicola,0.0,0.0,0.0,0.0,0.0,0.0,0.0,0.00124,0.0,0.00185,0.0,0.00087,0.0,0.0
Muromegalovirus,0.0,0.0,0.0,0.0,0.0,0.0,0.0,0.0,0.0,0.0,0.0,0.0,0.0,0.00119
Musicola,0.0,0.00397,0.00148,0.0015,0.0,0.0,0.0,0.00124,0.0,0.00185,0.00121,0.0,0.00335,0.00477
Mycetocola,0.00417,0.00397,0.00297,0.009,0.00702,0.01065,0.0,0.00622,0.0029,0.00927,0.00666,0.00954,0.0067,0.01312
Mycetohabitans,0.0146,0.01325,0.02076,0.0195,0.01263,0.01065,0.0,0.01741,0.02027,0.01298,0.01272,0.0078,0.00894,0.01192
Mycoavidus,0.00417,0.00397,0.00297,0.01125,0.00702,0.00678,0.0,0.0087,0.0029,0.00371,0.00908,0.00217,0.00782,0.01073
Mycobacterium,1.64526,0.81332,1.36121,1.25608,2.88368,4.12907,18.93501,2.95211,1.12067,1.04754,0.6237,0.89719,2.38382,0.77742
Mycobacteroides,0.02711,0.04106,0.0519,0.05099,0.03087,0.10165,0.05228,0.0485,0.0666,0.03152,0.04178,0.06718,0.03239,0.02981
Mycolicibacillus,0.0,0.01457,0.01928,0.0255,0.02947,0.04357,0.02011,0.01741,0.02317,0.01298,0.00606,0.02947,0.02458,0.02027
Mycolicibacter,0.0563,0.07418,0.07414,0.09299,0.11647,0.17523,0.1649,0.07585,0.06371,0.05006,0.06298,0.08538,0.07596,0.08943
Mycolicibacterium,0.72149,0.75636,1.207,0.80389,1.00052,1.1937,1.6369,0.97616,1.46527,2.28233,0.75449,2.45016,0.72498,0.78219
Mycoplasma,0.0,0.0,0.00593,0.0015,0.0,0.00194,0.0,0.00124,0.0,0.00742,0.00242,0.00087,0.00335,0.00119
Mycoplasmoides,0.0,0.0,0.0,0.0,0.0,0.0,0.0,0.0,0.0,0.0,0.00061,0.0,0.0,0.0
Mycoplasmopsis,0.0,0.0,0.00148,0.003,0.0014,0.00194,0.0,0.00124,0.00579,0.0,0.00363,0.00217,0.00112,0.0
Myroides,0.0,0.0,0.00148,0.01125,0.0014,0.00097,0.00402,0.00124,0.0,0.0,0.00484,0.01517,0.0,0.00119
Myxococcus,0.15222,0.0808,0.04745,0.05324,0.06034,0.05518,0.07642,0.0771,0.12162,0.12978,0.06843,0.03164,0.11841,0.08466
Naasia,0.00209,0.00132,0.0089,0.006,0.01263,0.01259,0.0,0.01741,0.01158,0.01483,0.01029,0.00477,0.00447,0.00477
Naegleria,0.0,0.00132,0.0,0.0,0.0,0.0,0.0,0.0,0.0029,0.0,0.00061,0.00347,0.0,0.0
Nakamurella,0.0563,0.04636,0.03707,0.05399,0.06876,0.10746,0.06033,0.03979,0.06081,0.05748,0.04784,0.05461,0.04133,0.0465
Nakaseomyces,0.0,0.0,0.0,0.0015,0.0,0.00097,0.0,0.0,0.0,0.0,0.0,0.0013,0.0,0.0
Nanchangia,0.00209,0.00397,0.00297,0.009,0.00281,0.00387,0.00804,0.00497,0.00579,0.0,0.00061,0.0013,0.0067,0.00358
Nannocystis,0.0563,0.03576,0.05338,0.033,0.03789,0.02227,0.02815,0.03482,0.04054,0.05006,0.02664,0.01214,0.04133,0.03816
Nanopelagicus,0.0,0.00132,0.00148,0.00075,0.0,0.0,0.00402,0.0,0.0,0.0,0.00061,0.0,0.0,0.00119
Nanosynbacter,0.0,0.0,0.0,0.003,0.00281,0.0,0.0,0.0,0.0029,0.0,0.0,0.0026,0.0,0.0
Nardonella,0.0,0.0,0.0,0.0,0.0,0.00097,0.0,0.0,0.0,0.0,0.0,0.00087,0.0,0.0
Nasuia,0.0,0.0,0.0,0.00075,0.0,0.0,0.0,0.00124,0.0,0.00185,0.0,0.00173,0.0,0.0
Natranaeroarchaeum,0.0,0.0,0.0,0.0,0.0014,0.0,0.0,0.0,0.0,0.00185,0.00061,0.0,0.0,0.0
Natranaerobius,0.0,0.0,0.0,0.0,0.0,0.0,0.0,0.0,0.0,0.00185,0.0,0.0,0.0,0.0
Natranaerofaba,0.0,0.0,0.0,0.0,0.0,0.0,0.0,0.0,0.0,0.0,0.00061,0.0,0.0,0.0
Natrarchaeobaculum,0.0,0.00132,0.00445,0.0015,0.0,0.00194,0.0,0.00622,0.01158,0.00371,0.00242,0.00043,0.00223,0.00715
Natrialba,0.0,0.0,0.0,0.00075,0.0,0.0,0.0,0.0,0.0,0.0,0.0,0.00043,0.0,0.0
Natribaculum,0.0,0.00265,0.00297,0.00075,0.0,0.0029,0.0,0.00373,0.0029,0.00185,0.00121,0.0,0.00447,0.00119
Natrinema,0.01043,0.01457,0.01483,0.01125,0.00842,0.01355,0.00402,0.0199,0.00869,0.00927,0.00848,0.0091,0.01117,0.00715
Natronobacterium,0.00417,0.00132,0.00148,0.0,0.0,0.00097,0.0,0.00124,0.0,0.0,0.0,0.0,0.00223,0.00119
Natronobeatus,0.00417,0.0,0.00148,0.0015,0.0,0.00194,0.00402,0.00373,0.0029,0.0,0.00242,0.00087,0.0,0.00119
Natronococcus,0.00209,0.00265,0.00148,0.00525,0.00281,0.00581,0.00402,0.00373,0.00869,0.00371,0.00303,0.00087,0.0067,0.00477
Natronoglycomyces,0.00209,0.00265,0.00297,0.003,0.00561,0.00387,0.00402,0.00373,0.00579,0.00185,0.00242,0.00173,0.00447,0.00119
Natronomonas,0.0,0.00397,0.0089,0.01125,0.00421,0.00871,0.00804,0.01492,0.00579,0.01298,0.00727,0.0013,0.00335,0.00596
Natrononativus,0.0,0.0,0.00148,0.00075,0.00281,0.00097,0.0,0.0,0.00579,0.00185,0.0,0.00043,0.0,0.0
Natronorubrum,0.00417,0.00132,0.00297,0.0015,0.00281,0.00097,0.0,0.00249,0.0,0.00185,0.0,0.00043,0.00112,0.0
Natronosalvus,0.0,0.00265,0.00445,0.00525,0.0,0.00484,0.00402,0.00249,0.0029,0.00371,0.00121,0.0013,0.00335,0.00119
Natronosporangium,0.01251,0.01457,0.02224,0.012,0.01824,0.03292,0.00804,0.02238,0.0,0.01483,0.01635,0.0078,0.00782,0.00715
Naumovozyma,0.0,0.0,0.00148,0.00075,0.0,0.0,0.0,0.0,0.0,0.0,0.00121,0.00043,0.00112,0.0
Ndongobacter,0.00209,0.0,0.0,0.00075,0.0014,0.0,0.0,0.0,0.0029,0.0,0.00061,0.0,0.0,0.0
Neisseria,0.0417,0.04504,0.0341,0.07424,0.05052,0.04937,0.05228,0.02238,0.04923,0.05562,0.06358,0.03511,0.14857,0.07035
Neoasaia,0.00209,0.00397,0.00297,0.012,0.0014,0.01065,0.00402,0.00249,0.0,0.00556,0.00303,0.00043,0.00335,0.00835
Neobacillus,0.00626,0.00397,0.00148,0.0045,0.00281,0.00968,0.00804,0.00124,0.0,0.00742,0.00484,0.00303,0.01899,0.00715
Neochlamydia,0.0,0.00132,0.0,0.00225,0.0,0.0,0.0,0.0,0.0,0.0,0.00061,0.00043,0.00335,0.0
Neokomagataea,0.0,0.0,0.00148,0.00075,0.0014,0.0,0.0,0.0,0.0,0.0,0.00061,0.0,0.0,0.0
Neomicrococcus,0.0,0.00265,0.00148,0.0,0.0014,0.00097,0.0,0.00124,0.0,0.0,0.00061,0.00303,0.00112,0.00238
Neopusillimonas,0.00209,0.0106,0.00593,0.0045,0.0014,0.00871,0.00804,0.0,0.0,0.00371,0.00545,0.0065,0.0067,0.01073
Neorhizobium,0.0709,0.09405,0.0519,0.05174,0.08139,0.07067,0.04826,0.09202,0.03185,0.04635,0.04057,0.03771,0.06256,0.0775
Neorickettsia,0.0,0.0,0.0,0.0,0.0,0.00097,0.0,0.00124,0.0,0.0,0.0,0.00043,0.0,0.0
Neospora,0.0,0.00397,0.0,0.00075,0.0,0.00097,0.0,0.0,0.0029,0.0,0.0,0.00217,0.0,0.00119
Neotabrizicola,0.02085,0.01192,0.01631,0.0285,0.01824,0.01355,0.01609,0.01865,0.01737,0.03152,0.08296,0.6029,0.00782,0.03935
Neptuniibacter,0.0,0.0,0.0,0.00075,0.0,0.0,0.0,0.00373,0.0029,0.00185,0.00182,0.00043,0.00223,0.00119
Neptunochlamydia,0.0,0.0,0.0,0.0,0.0,0.00097,0.0,0.0,0.0,0.0,0.0,0.00043,0.0,0.0
Neptunomonas,0.0,0.00132,0.00148,0.0015,0.0014,0.0,0.0,0.00124,0.0,0.00742,0.00182,0.00173,0.01564,0.00238
Nesciobacter,0.0,0.0,0.0,0.0,0.0,0.0,0.0,0.0,0.0,0.0,0.0,0.0,0.0,0.00119
Nesterenkonia,0.00417,0.00132,0.00593,0.00375,0.00561,0.0029,0.00804,0.00622,0.0029,0.00742,0.00484,0.0026,0.00223,0.00238
Neurospora,0.00417,0.00132,0.00148,0.00375,0.00281,0.00194,0.0,0.0,0.01448,0.0,0.00182,0.0052,0.00223,0.00358
Niabella,0.01043,0.01192,0.01038,0.0135,0.00982,0.00484,0.0,0.00746,0.01448,0.00556,0.01695,0.0195,0.00559,0.01192
Niallia,0.0,0.0,0.0,0.00075,0.0,0.0,0.0,0.0,0.0,0.00185,0.00121,0.0,0.00112,0.0
Niastella,0.00209,0.00397,0.0089,0.0165,0.00702,0.00387,0.00402,0.00249,0.0029,0.00742,0.02664,0.01647,0.00335,0.00954
Nibribacter,0.0,0.00132,0.0,0.003,0.0,0.00097,0.0,0.0,0.0,0.00185,0.00363,0.0013,0.00223,0.0
Nibricoccus,0.03962,0.01457,0.02669,0.06674,0.0435,0.0242,0.02011,0.01119,0.03185,0.02966,0.04057,0.0039,0.0134,0.03816
Nicoliella,0.0,0.0,0.0,0.0,0.0,0.0,0.0,0.0,0.0,0.0,0.0,0.0,0.00112,0.0
Nilusvirus,0.0,0.0,0.0,0.00075,0.0,0.0,0.0,0.0,0.0,0.0,0.0,0.0,0.0,0.0
Ningirsuvirus,0.0,0.0,0.0,0.0,0.0,0.0,0.0,0.0,0.0,0.0,0.0,0.0,0.0,0.00119
Nisaea,0.02919,0.01457,0.01779,0.01275,0.01403,0.01936,0.02011,0.01617,0.02896,0.00927,0.00545,0.00607,0.01787,0.01669
Nissabacter,0.00209,0.0,0.0089,0.00225,0.00421,0.00484,0.0,0.00124,0.00869,0.00185,0.00484,0.00173,0.0067,0.00119
Nitratidesulfovibrio,0.00626,0.0053,0.00297,0.01125,0.00281,0.01162,0.01609,0.01119,0.03475,0.02225,0.00545,0.0065,0.02122,0.02385
Nitratifractor,0.0,0.00265,0.0,0.00225,0.0,0.0,0.0,0.0,0.0,0.00371,0.00061,0.0,0.00112,0.00358
Nitratireductor,0.06256,0.09802,0.10973,0.07049,0.10524,0.07164,0.10055,0.09451,0.06371,0.06304,0.05692,0.04638,0.08155,0.08466
Nitratiruptor,0.0,0.0,0.0,0.0,0.0014,0.00097,0.0,0.00124,0.0,0.00371,0.0,0.00043,0.0,0.00119
Nitrincola,0.00209,0.00265,0.0,0.00225,0.0,0.00484,0.00402,0.0,0.0029,0.0,0.00121,0.00043,0.00223,0.00238
Nitrobacter,0.18767,0.17088,0.13049,0.11024,0.20207,0.16555,0.15283,0.1828,0.08108,0.07602,0.04965,0.0182,0.16979,0.14189
Nitrogeniibacter,0.04796,0.02649,0.03707,0.07049,0.05753,0.04066,0.02011,0.03855,0.0695,0.05933,0.06843,0.05591,0.05027,0.05604
Nitrosarchaeum,0.00834,0.00265,0.00148,0.00075,0.00421,0.00678,0.0,0.00249,0.0,0.00185,0.00242,0.0,0.00223,0.00596
Nitrosococcus,0.00834,0.00662,0.01038,0.00525,0.00842,0.00581,0.0,0.00497,0.0,0.00371,0.00787,0.0039,0.02681,0.00835
Nitrosocosmicus,0.00626,0.00662,0.00741,0.0045,0.00842,0.01452,0.00804,0.00746,0.0,0.00742,0.00182,0.00087,0.02011,0.00954
Nitrosomarinus,0.01043,0.00132,0.00148,0.00525,0.00561,0.00871,0.0,0.0,0.0,0.0,0.0,0.00043,0.00112,0.00119
Nitrosomonas,0.00626,0.01192,0.01483,0.03075,0.01544,0.02033,0.02413,0.01492,0.02317,0.0241,0.01756,0.07238,0.07484,0.02504
Nitrosophilus,0.0,0.00265,0.0,0.0015,0.0,0.0,0.0,0.0,0.0,0.0,0.0,0.00087,0.00112,0.0
Nitrosopumilus,0.0563,0.03312,0.00741,0.033,0.06595,0.07261,0.04424,0.0087,0.0,0.00742,0.00848,0.00043,0.03016,0.03458
Nitrososphaera,0.00417,0.00795,0.00148,0.00075,0.00842,0.00581,0.0,0.00124,0.0,0.00556,0.0,0.0,0.01005,0.01431
Nitrosospira,0.02085,0.02782,0.01483,0.03,0.02105,0.0213,0.01609,0.02114,0.01158,0.02039,0.02483,0.00954,0.05362,0.02742
Nitrosotalea,0.29402,0.12054,0.03262,0.18223,0.29889,0.3553,0.24936,0.05471,0.00579,0.07602,0.02119,0.0,0.51832,0.16574
Nitrosotenuis,0.02502,0.00662,0.01335,0.006,0.01123,0.01259,0.00402,0.0,0.00579,0.00185,0.0109,0.00043,0.00335,0.00715
Nitrospina,0.01251,0.00265,0.00445,0.00375,0.0014,0.00484,0.0,0.00497,0.01158,0.01298,0.00424,0.00173,0.00447,0.00477
Nitrospira,0.38786,0.16425,0.46708,0.30071,0.09542,0.07939,0.10859,0.25119,0.31564,0.28738,0.24463,0.04464,0.1374,0.36725
Nitrospirillum,0.02502,0.01854,0.02966,0.02175,0.01824,0.0213,0.00402,0.01865,0.02896,0.02039,0.01272,0.01344,0.01676,0.02981
Nitrotoga,0.00417,0.0053,0.00593,0.0105,0.02386,0.01549,0.01609,0.00373,0.00579,0.02039,0.00969,0.00693,0.03239,0.01312
Niveibacterium,0.02502,0.02649,0.01779,0.04574,0.01824,0.01743,0.02413,0.03233,0.02606,0.0686,0.02119,0.02817,0.02234,0.04531
Niveispirillum,0.0146,0.01192,0.0089,0.00975,0.01263,0.01259,0.0,0.00995,0.0029,0.00371,0.00666,0.00997,0.01005,0.00596
Nocardia,0.19184,0.19737,0.29063,0.29321,0.32976,0.49955,0.20914,0.24,0.25193,0.21322,0.21981,0.19244,0.25357,0.29213
Nocardioides,0.88414,0.87425,1.27076,0.90588,1.00754,1.24889,0.61535,1.80061,2.056,2.26565,1.54713,1.23916,1.52703,0.86566
Nocardiopsis,0.09175,0.09405,0.10676,0.10874,0.174,0.26914,0.10055,0.11067,0.05502,0.05562,0.07509,0.05158,0.11841,0.0465
Nodosilinea,0.0,0.00265,0.00148,0.0015,0.0014,0.00194,0.0,0.00124,0.0029,0.00185,0.00182,0.0,0.00335,0.0
Nodularia,0.0,0.00265,0.00148,0.00225,0.0,0.00097,0.0,0.0,0.0,0.0,0.0,0.0,0.00335,0.0
Nonlabens,0.00626,0.00662,0.00148,0.006,0.0014,0.00194,0.0,0.00497,0.00579,0.00371,0.00484,0.00563,0.00447,0.00238
Nonomuraea,0.16682,0.13511,0.21056,0.18673,0.29468,0.50827,0.14077,0.20767,0.06081,0.11681,0.10657,0.09145,0.18655,0.15262
Nordella,0.11886,0.11392,0.22242,0.13873,0.07437,0.05325,0.04022,0.10321,0.12452,0.06675,0.11566,0.19721,0.06367,0.11566
Nosocomiicoccus,0.0,0.0,0.00148,0.0,0.0,0.0,0.0,0.0,0.0,0.0,0.0,0.0013,0.00112,0.0
Nostoc,0.02294,0.02914,0.03114,0.01125,0.00421,0.03485,0.00804,0.00746,0.00869,0.00185,0.00545,0.00737,0.00894,0.01789
Novacetimonas,0.02085,0.0,0.01038,0.012,0.00982,0.00097,0.00402,0.0087,0.0029,0.00185,0.00303,0.00433,0.00447,0.00477
Novibacillus,0.0,0.00132,0.00148,0.00075,0.0,0.00097,0.0,0.00373,0.0,0.0,0.0,0.00043,0.00223,0.00238
Noviherbaspirillum,0.03336,0.02252,0.02372,0.04349,0.02666,0.0213,0.02815,0.03731,0.05792,0.05006,0.03391,0.02861,0.04021,0.03219
Novisyntrophococcus,0.0,0.0,0.0,0.00075,0.0,0.0,0.0,0.00124,0.0,0.0,0.0,0.0013,0.0,0.0
Novosphingobium,0.25023,0.38812,0.3707,1.59504,0.42378,0.35337,0.43436,0.44518,0.57336,0.51728,0.84714,2.028,0.19437,0.86923
Novosphingopyxis,0.00209,0.0106,0.0089,0.0225,0.0014,0.0,0.01609,0.0087,0.0,0.00185,0.00787,0.0117,0.00782,0.01312
Nucleicultrix,0.0,0.00132,0.00148,0.00075,0.0,0.0,0.0,0.00124,0.0,0.0,0.0,0.0,0.00112,0.0
Obesumbacterium,0.0,0.0,0.0,0.00075,0.0,0.00194,0.00402,0.0,0.0,0.0,0.00061,0.0,0.00223,0.0
Occallatibacter,0.03336,0.03047,0.00593,0.01875,0.09261,0.08616,0.0362,0.04601,0.00579,0.01112,0.00848,0.00173,0.06256,0.04531
Occultella,0.0146,0.0106,0.01779,0.018,0.00702,0.03098,0.00402,0.01492,0.03765,0.01483,0.01635,0.0169,0.01564,0.01192
Oceanicoccus,0.0,0.0,0.00148,0.0015,0.00281,0.0,0.0,0.00249,0.0,0.0,0.00182,0.00087,0.01229,0.0
Oceanicola,0.00209,0.0053,0.00445,0.00525,0.00982,0.00678,0.00402,0.00373,0.0029,0.00742,0.0109,0.01647,0.00335,0.0155
Oceanidesulfovibrio,0.00834,0.00397,0.00593,0.00825,0.00421,0.00581,0.00804,0.00622,0.0029,0.01112,0.00545,0.00217,0.00559,0.00238
Oceanihabitans,0.0,0.0,0.0,0.0,0.0,0.0,0.0,0.0,0.0,0.0,0.00061,0.00043,0.0,0.0
Oceanimonas,0.0,0.00662,0.00593,0.0075,0.00561,0.00194,0.0,0.00622,0.0,0.00371,0.00606,0.00347,0.00447,0.00954
Oceanirhabdus,0.0,0.0,0.0,0.0,0.0,0.0,0.00402,0.0,0.0,0.0,0.0,0.00043,0.0,0.0
Oceanisphaera,0.00209,0.00265,0.00148,0.00225,0.0,0.00097,0.0,0.0,0.0,0.0,0.00424,0.00303,0.01676,0.00715
Oceanispirochaeta,0.0,0.0,0.0,0.0,0.0,0.0,0.0,0.0,0.0,0.0,0.0,0.0,0.0,0.00119
Oceanithermus,0.01043,0.00397,0.00741,0.0075,0.00281,0.00194,0.00402,0.00746,0.00869,0.01483,0.00666,0.0026,0.01005,0.01192
Oceanobacillus,0.00417,0.0,0.00148,0.00075,0.0014,0.00097,0.0,0.0,0.0,0.0,0.00121,0.0013,0.00335,0.00119
Oceanotoga,0.0,0.0,0.0,0.0,0.0,0.00097,0.0,0.00124,0.0,0.0,0.0,0.0,0.0,0.0
Octadecabacter,0.01043,0.0159,0.00445,0.01275,0.01544,0.00775,0.00804,0.00746,0.0029,0.01298,0.02604,0.02687,0.00894,0.02981
Odoribacter,0.0,0.0,0.0,0.00225,0.0,0.0,0.0,0.0,0.0,0.00371,0.00121,0.00087,0.0,0.0
Oecophyllibacter,0.0,0.0,0.00148,0.00375,0.00421,0.00194,0.00402,0.00249,0.0029,0.00185,0.00121,0.0,0.00335,0.00119
Oenococcus,0.00209,0.0,0.0,0.0,0.0,0.00097,0.0,0.0,0.0,0.0,0.00061,0.00043,0.00112,0.0
Oerskovia,0.01251,0.00795,0.00593,0.012,0.01263,0.01162,0.00402,0.01492,0.02896,0.00556,0.02059,0.0117,0.0134,0.01073
Ogataea,0.0,0.0,0.0,0.0,0.0,0.00097,0.0,0.0,0.0,0.0,0.0,0.00173,0.0,0.0
Oleidesulfovibrio,0.00209,0.00397,0.00148,0.00375,0.0,0.00387,0.0,0.00249,0.0,0.0,0.00061,0.0013,0.00112,0.00835
Oleiphilus,0.00209,0.00132,0.0,0.0015,0.0014,0.00097,0.0,0.00124,0.0,0.00185,0.00121,0.00043,0.00894,0.00119
Oligella,0.00209,0.00397,0.00148,0.0045,0.0014,0.00097,0.00804,0.00249,0.0,0.0,0.00182,0.0013,0.00447,0.00477
Oliverunavirus,0.0,0.0,0.0,0.0,0.0,0.0,0.0,0.0,0.0,0.0,0.0,0.00087,0.0,0.0
Olivibacter,0.0,0.00132,0.00148,0.0015,0.0014,0.0,0.0,0.00124,0.0,0.00185,0.00121,0.00173,0.0,0.0
Olleya,0.0,0.0,0.00445,0.00075,0.0,0.0,0.0,0.0,0.0,0.00556,0.00061,0.00217,0.0,0.00119
Olsenella,0.0146,0.0106,0.00445,0.00825,0.01403,0.00775,0.00402,0.0087,0.02606,0.01483,0.00666,0.013,0.00894,0.00477
Omarvirus,0.0,0.0,0.0,0.00075,0.0,0.0,0.0,0.0,0.0,0.0,0.0,0.0,0.0,0.0
Opitutus,0.35032,0.10067,0.09045,0.49868,0.23154,0.29625,0.0925,0.17161,0.22877,0.33187,0.16592,0.01084,0.06367,0.1717
Orbivirus,0.0,0.0,0.0,0.0,0.0,0.00097,0.0,0.0,0.0,0.0,0.0,0.0,0.0,0.0
Oricola,0.02294,0.02252,0.02521,0.01425,0.02386,0.01549,0.02011,0.01119,0.01737,0.01112,0.01393,0.01127,0.02011,0.02146
Orientia,0.0,0.00265,0.00148,0.0,0.0,0.0,0.00804,0.0,0.0,0.0,0.0,0.00043,0.0,0.0
Ornithinimicrobium,0.0709,0.06888,0.09935,0.07574,0.10665,0.13457,0.06837,0.10819,0.14768,0.10753,0.11384,0.13003,0.10836,0.07989
Ornithobacterium,0.0,0.00265,0.00297,0.0015,0.0,0.00097,0.0,0.0,0.0,0.00371,0.00242,0.00173,0.0,0.00119
Orrella,0.02919,0.02914,0.02521,0.04574,0.01824,0.02033,0.02815,0.04104,0.05502,0.01854,0.03028,0.0208,0.02569,0.04889
Orthopoxvirus,0.0,0.0,0.0,0.0,0.0,0.0,0.0,0.0,0.0,0.00185,0.0,0.0,0.0,0.0
Orthoreovirus,0.0,0.0,0.0,0.0,0.0,0.0,0.0,0.0,0.0,0.0,0.0,0.00043,0.0,0.0
Oryzomicrobium,0.01043,0.0106,0.02669,0.0255,0.02526,0.01355,0.02011,0.03482,0.07529,0.05006,0.03875,0.04724,0.03798,0.02862
Oscillatoria,0.01043,0.21724,0.00741,0.0165,0.0014,0.0029,0.0,0.00249,0.0,0.0,0.00727,0.00087,0.00112,0.00238
Oscillibacter,0.00209,0.00265,0.00148,0.0015,0.00281,0.00097,0.00402,0.00497,0.00579,0.00742,0.00121,0.00043,0.00894,0.00119
Otagovirus,0.0,0.00132,0.0,0.0,0.0,0.0,0.0,0.0,0.0,0.0,0.0,0.0,0.0,0.0
Otariodibacter,0.0,0.00132,0.0,0.0,0.0,0.0,0.0,0.0,0.0,0.00185,0.0,0.0,0.00112,0.00119
Ottowia,0.17725,0.20664,0.11269,0.29996,0.10244,0.09778,0.05228,0.12435,0.19402,0.16686,0.42872,0.3281,0.1832,0.23013
Owenweeksia,0.0,0.0,0.00148,0.00225,0.0,0.0,0.0,0.0,0.0,0.00185,0.00061,0.00087,0.00112,0.00119
Oxalobacter,0.00626,0.01325,0.00445,0.0135,0.00561,0.00484,0.0,0.00622,0.01158,0.00742,0.01211,0.0052,0.0134,0.00477
Oxynema,0.00417,0.00265,0.00445,0.00075,0.0014,0.0029,0.0,0.0087,0.0029,0.00371,0.00121,0.0,0.00335,0.0
Pacificitalea,0.00417,0.00662,0.01186,0.01125,0.0014,0.00484,0.0,0.0087,0.01737,0.00742,0.00969,0.01907,0.00559,0.01431
Paenacidovorax,0.06047,0.0755,0.043,0.10949,0.0435,0.03679,0.03218,0.03482,0.0695,0.10383,0.15502,0.12613,0.02234,0.0787
Paenalcaligenes,0.00209,0.0,0.0,0.00075,0.0,0.0,0.00804,0.0,0.0,0.0,0.00303,0.00173,0.0067,0.00358
Paenarthrobacter,0.00626,0.02252,0.01483,0.01575,0.03087,0.01452,0.03218,0.01617,0.02027,0.00556,0.01574,0.01777,0.02458,0.01431
Paenibacillus,0.1126,0.14968,0.10973,0.12223,0.13892,0.12682,0.13674,0.12311,0.13321,0.12051,0.09386,0.05635,0.17538,0.14428
Paeniclostridium,0.0,0.0,0.00148,0.0,0.0014,0.0,0.0,0.00249,0.0,0.0,0.00061,0.0013,0.0,0.00119
Paeniglutamicibacter,0.00626,0.00265,0.00741,0.00525,0.0014,0.00387,0.0,0.00746,0.01737,0.00185,0.00484,0.00867,0.00782,0.00477
Paenimyroides,0.0,0.0053,0.00148,0.0,0.00281,0.0,0.0,0.00124,0.00579,0.00185,0.00303,0.0078,0.00112,0.0
Paenisporosarcina,0.0,0.0,0.0,0.00075,0.0,0.00097,0.0,0.0,0.0,0.00185,0.0,0.0,0.0,0.0
Pahsextavirus,0.0,0.0,0.0,0.0,0.0,0.00097,0.0,0.0,0.0,0.0,0.0,0.0,0.0,0.0
Pajaroellobacter,0.00417,0.00265,0.00148,0.0015,0.00421,0.00484,0.0,0.00373,0.00579,0.00371,0.00121,0.00043,0.00223,0.00596
Palaeococcus,0.0,0.0,0.0,0.0,0.0,0.0,0.0,0.0,0.0,0.0,0.0,0.00043,0.0,0.0
Palleronia,0.00834,0.01457,0.01779,0.0075,0.01684,0.00484,0.01207,0.00995,0.01448,0.00927,0.02119,0.02687,0.00782,0.00715
Paludibacter,0.0,0.0,0.0,0.0,0.0,0.00097,0.0,0.0,0.0,0.00185,0.0,0.00217,0.00223,0.00358
Paludibacterium,0.03336,0.02914,0.0089,0.036,0.02526,0.03001,0.03218,0.01741,0.04054,0.02966,0.02301,0.02731,0.05474,0.04293
Paludibaculum,0.06256,0.0755,0.04893,0.04874,0.09261,0.07939,0.06033,0.10072,0.07239,0.09641,0.03997,0.01387,0.0916,0.10135
Paludihabitans,0.0,0.0,0.0,0.0,0.0,0.0,0.0,0.0,0.0,0.0,0.00121,0.0,0.0,0.0
Paludisphaera,0.03753,0.05696,0.05783,0.04724,0.0435,0.02904,0.04424,0.03979,0.04633,0.0241,0.02301,0.00824,0.03575,0.02862
Panacibacter,0.02294,0.05431,0.05783,0.01125,0.01544,0.00484,0.0,0.02611,0.01448,0.00927,0.02604,0.0208,0.00447,0.02146
Pandoraea,0.18559,0.16955,0.20314,0.24297,0.15436,0.12392,0.15685,0.19399,0.28958,0.25586,0.19256,0.12656,0.18878,0.21463
Pandoravirus,0.00209,0.0,0.0,0.00225,0.0014,0.00387,0.0,0.00249,0.0,0.00371,0.00121,0.0013,0.0,0.0
Pannonibacter,0.03545,0.02252,0.05338,0.036,0.03508,0.0426,0.06435,0.03855,0.02317,0.04079,0.02362,0.03944,0.02793,0.02981
Pantoea,0.06673,0.10067,0.05783,0.06299,0.05192,0.07358,0.04826,0.07212,0.02896,0.04821,0.04844,0.02471,0.11506,0.07273
Parabacteroides,0.0,0.00397,0.00445,0.00675,0.0014,0.0029,0.00402,0.00249,0.00869,0.00742,0.00908,0.0052,0.00223,0.00477
Paraburkholderia,0.82159,0.65701,0.6984,0.71915,0.66655,0.57894,0.45447,0.77596,0.71236,0.67673,0.6134,0.30773,0.7004,0.67488
Paracaedibacter,0.00209,0.0,0.0,0.00075,0.0014,0.00194,0.0,0.00124,0.0,0.0,0.0,0.00087,0.00223,0.00477
Parachlamydia,0.0,0.0,0.0,0.00075,0.0,0.00097,0.0,0.0,0.00869,0.00371,0.00121,0.00087,0.0,0.00119
Paracholeplasma,0.0,0.0,0.0,0.0,0.0,0.0,0.0,0.0,0.0,0.0,0.0,0.00043,0.0,0.0
Paracidovorax,0.23563,0.41858,0.17645,0.53693,0.27363,0.16265,0.12468,0.23129,0.50097,0.46166,0.69333,0.38098,0.29602,0.44714
Paraclostridium,0.0,0.00132,0.0,0.00075,0.00421,0.0,0.0,0.0,0.0,0.00185,0.00061,0.00043,0.0,0.00119
Paracoccus,0.27108,0.2636,0.37515,0.38545,0.30872,0.31077,0.23729,0.30093,0.33881,0.25957,0.58555,1.58287,0.23905,0.4066
Paraconexibacter,0.03962,0.04901,0.10231,0.036,0.07157,0.10746,0.08446,0.08953,0.08977,0.09085,0.04844,0.02991,0.04021,0.05127
Paracrocinitomix,0.0,0.0,0.0,0.0,0.0014,0.0,0.0,0.0,0.0029,0.0,0.00121,0.0013,0.0,0.0
Paradevosia,0.02711,0.02119,0.02224,0.02625,0.01684,0.02324,0.0362,0.03109,0.01737,0.01483,0.01514,0.0169,0.01452,0.02862
Parafannyhessea,0.00209,0.0,0.01186,0.00525,0.00281,0.0,0.00402,0.0087,0.0029,0.01112,0.00303,0.0039,0.00447,0.00477
Paraflavitalea,0.01251,0.00795,0.01186,0.02025,0.00702,0.00387,0.0,0.01244,0.0029,0.00927,0.02059,0.02254,0.00335,0.00238
Parageobacillus,0.0,0.00132,0.0,0.00675,0.00421,0.00097,0.00804,0.00249,0.0,0.00185,0.0,0.00173,0.0067,0.00358
Paraglaciecola,0.00209,0.00397,0.00297,0.003,0.0,0.00387,0.00804,0.0,0.0,0.00556,0.00182,0.00217,0.01005,0.00715
Paralcaligenes,0.00209,0.0053,0.00741,0.01275,0.00561,0.00871,0.01207,0.00746,0.00869,0.00556,0.0109,0.0039,0.00447,0.00596
Paraluminiphilus,0.0,0.0,0.00148,0.0015,0.0,0.00097,0.0,0.0,0.0,0.0,0.0,0.00087,0.00112,0.0
Paralysiella,0.00209,0.00265,0.00297,0.0045,0.00281,0.00387,0.00402,0.0,0.0029,0.00371,0.00182,0.0026,0.00559,0.00119
Paramagnetospirillum,0.03336,0.03312,0.03707,0.03225,0.03929,0.0242,0.02815,0.03109,0.04054,0.02225,0.02422,0.01734,0.04021,0.02981
Paramuribaculum,0.0,0.00132,0.0,0.0,0.0,0.0,0.0,0.0,0.0,0.0,0.00061,0.00043,0.0,0.00238
Paraneptunicella,0.00209,0.0,0.0,0.0015,0.0,0.00097,0.0,0.0,0.0,0.00185,0.00182,0.0,0.00223,0.00119
Paraoerskovia,0.02085,0.01192,0.02966,0.01875,0.02807,0.02227,0.00804,0.02736,0.02606,0.03708,0.01029,0.02124,0.02011,0.02504
Paraphotobacterium,0.00209,0.0,0.0,0.0,0.0,0.0,0.0,0.0,0.0,0.0,0.00061,0.00043,0.00223,0.0
Parapoxvirus,0.0,0.0,0.0,0.0,0.0,0.0,0.0,0.0,0.0,0.0,0.0,0.00043,0.0,0.0
Paraprevotella,0.0,0.0,0.00148,0.0015,0.00561,0.00484,0.0,0.0,0.0,0.0,0.00363,0.0013,0.0,0.00119
Pararhizobium,0.0417,0.07021,0.0519,0.05399,0.06315,0.05615,0.04826,0.05471,0.00869,0.03894,0.04784,0.05331,0.06144,0.04769
Pararhodospirillum,0.01043,0.00662,0.00445,0.0105,0.01123,0.01065,0.01207,0.00622,0.00869,0.00556,0.00424,0.00303,0.01564,0.01312
Parasaccharibacter,0.00417,0.0,0.00445,0.00225,0.00281,0.0,0.0,0.0,0.0,0.0,0.00363,0.00043,0.00335,0.00238
Parascardovia,0.0,0.00132,0.00148,0.00075,0.0014,0.0,0.0,0.0,0.0,0.0,0.0,0.00043,0.00112,0.0
Parasedimentitalea,0.00209,0.00132,0.00593,0.00675,0.00702,0.00194,0.00804,0.00124,0.0029,0.00556,0.00606,0.01604,0.00112,0.00477
Parashewanella,0.0,0.0,0.0,0.0,0.0,0.00097,0.0,0.0,0.0,0.0,0.00182,0.0,0.00559,0.00238
Parasphaerochaeta,0.0,0.00132,0.00148,0.00075,0.0,0.0,0.0,0.0,0.0,0.00185,0.00061,0.0,0.0,0.00238
Parasphingopyxis,0.01251,0.00927,0.0089,0.02025,0.01544,0.01065,0.01609,0.01492,0.00869,0.01483,0.01151,0.0182,0.00223,0.01789
Parasphingorhabdus,0.01043,0.02252,0.01483,0.027,0.01263,0.01452,0.01207,0.01492,0.00869,0.01669,0.01211,0.0208,0.01117,0.02027
Parasynechococcus,0.0,0.00265,0.0,0.0,0.0,0.0,0.0,0.00124,0.0,0.0,0.0,0.0,0.00335,0.00238
Paraurantiacibacter,0.00209,0.00265,0.01038,0.018,0.00561,0.00387,0.00402,0.00995,0.0029,0.00371,0.01393,0.01907,0.00223,0.00596
Parazoarcus,0.02919,0.02782,0.02372,0.04499,0.02105,0.02324,0.02413,0.0286,0.08398,0.04821,0.03997,0.04378,0.03463,0.02742
Paremcibacter,0.00417,0.00132,0.0,0.00375,0.00702,0.0,0.0,0.00622,0.0029,0.00185,0.00303,0.00173,0.00223,0.00358
Paroceanicella,0.03545,0.02252,0.02669,0.01725,0.01824,0.01646,0.01207,0.03233,0.01737,0.02596,0.02725,0.02947,0.01564,0.02623
Parolsenella,0.00834,0.00132,0.00148,0.0075,0.00281,0.0029,0.02011,0.00497,0.00869,0.00927,0.00545,0.00477,0.00335,0.00477
Parvibaculum,0.01668,0.03576,0.04893,0.0375,0.03087,0.02711,0.01207,0.0286,0.02027,0.00742,0.01514,0.01907,0.04133,0.03219
Parvicella,0.0,0.0,0.0,0.0,0.0,0.0,0.0,0.0,0.0029,0.0,0.00061,0.00217,0.0,0.00119
Parvimonas,0.0,0.00132,0.0,0.0,0.0,0.0,0.0,0.0,0.0,0.0,0.00061,0.0,0.0,0.0
Parvularcula,0.01043,0.00927,0.00741,0.0135,0.00982,0.00775,0.01609,0.01368,0.0029,0.01483,0.00424,0.00303,0.00894,0.01312
Pasteurella,0.0,0.00132,0.00148,0.003,0.00421,0.0,0.0,0.0,0.0,0.00185,0.00121,0.00217,0.01787,0.00119
Paucilactobacillus,0.0,0.00132,0.0,0.0,0.0,0.0,0.0,0.0,0.0,0.0,0.00061,0.0,0.0,0.00238
Pauljensenia,0.00209,0.00132,0.0,0.00225,0.0,0.00387,0.0,0.00497,0.00869,0.0,0.00242,0.00173,0.00447,0.0
Pectinatus,0.0,0.0,0.0,0.0,0.0,0.0,0.0,0.0,0.0,0.0,0.0,0.00043,0.0,0.0
Pectobacterium,0.0146,0.01722,0.01483,0.01875,0.01123,0.00581,0.00402,0.01741,0.0029,0.01669,0.01756,0.0104,0.04021,0.02742
Pediococcus,0.0,0.0,0.0,0.00075,0.0,0.0,0.0,0.0,0.0,0.0,0.0,0.0,0.00223,0.0
Pedobacter,0.00417,0.01722,0.00741,0.03899,0.01123,0.01162,0.00804,0.00249,0.00579,0.01112,0.03028,0.05114,0.00223,0.02385
Pedococcus,0.02711,0.01854,0.02966,0.01425,0.02105,0.02614,0.01207,0.04974,0.09556,0.06489,0.03815,0.09059,0.06926,0.01312
Pelagerythrobacter,0.03753,0.01457,0.02372,0.05924,0.00982,0.01936,0.00804,0.02611,0.04054,0.02039,0.03754,0.07542,0.01676,0.03339
Pelagibacter,0.0,0.00132,0.00148,0.00225,0.0014,0.00097,0.0,0.00124,0.0,0.0,0.0,0.0026,0.00112,0.0
Pelagibacterium,0.02711,0.05431,0.05338,0.04049,0.0449,0.04647,0.02815,0.03606,0.04633,0.01483,0.02907,0.02427,0.04357,0.0465
Pelagovum,0.0146,0.01192,0.02372,0.012,0.00281,0.00968,0.00804,0.01244,0.01158,0.00927,0.02664,0.02384,0.00559,0.01669
Pelistega,0.0,0.00265,0.0,0.00225,0.0,0.00097,0.0,0.0,0.0,0.0,0.00061,0.0,0.00112,0.00238
Pelobacter,0.01251,0.04636,0.0089,0.00375,0.01965,0.00581,0.00804,0.01244,0.01737,0.03523,0.05753,0.0091,0.01452,0.04293
Pelodictyon,0.0,0.00397,0.00297,0.00225,0.00281,0.0029,0.00402,0.00249,0.0,0.00371,0.0,0.00087,0.00335,0.00477
Pelolinea,0.00626,0.00132,0.00297,0.00525,0.00842,0.00871,0.00402,0.02238,0.02317,0.03152,0.01029,0.00173,0.01899,0.00835
Pelosinus,0.0,0.00397,0.0,0.00225,0.00842,0.00097,0.0,0.00249,0.0,0.00185,0.00121,0.00043,0.0,0.00715
Pengzhenrongella,0.02294,0.0106,0.02817,0.018,0.02807,0.04066,0.01609,0.02238,0.00869,0.01298,0.02725,0.0169,0.01229,0.01073
Penicillium,0.0,0.0,0.0,0.00225,0.0014,0.0,0.00402,0.0,0.0,0.0,0.00182,0.0,0.00223,0.0
Peptacetobacter,0.0,0.0,0.0,0.0,0.0,0.0,0.0,0.0,0.0,0.0,0.0,0.00087,0.0,0.0
Peptoclostridium,0.0,0.00132,0.0,0.0,0.0,0.0,0.0,0.0,0.0,0.0,0.0,0.0,0.0,0.00119
Peptoniphilus,0.0,0.0,0.00445,0.0,0.0,0.00097,0.0,0.0,0.00579,0.00185,0.00061,0.00043,0.0,0.00238
Peptostreptococcus,0.0,0.0,0.0,0.0,0.0,0.0,0.0,0.0,0.0029,0.0,0.0,0.00043,0.0,0.0
Peredibacter,0.0,0.00132,0.0,0.0,0.0,0.00194,0.0,0.00124,0.0,0.0,0.00182,0.0,0.00112,0.00119
Peribacillus,0.01251,0.00265,0.00741,0.00825,0.00281,0.00678,0.0,0.00124,0.0029,0.0,0.00424,0.0039,0.01005,0.00477
Periweissella,0.00209,0.0,0.0,0.0,0.0,0.0,0.0,0.0,0.0,0.0,0.0,0.0,0.0,0.00119
Permianibacter,0.01043,0.00397,0.00297,0.006,0.00842,0.00194,0.00402,0.00497,0.00869,0.00742,0.00424,0.00173,0.0134,0.00715
Persephonella,0.0,0.0,0.0,0.0,0.0,0.0,0.0,0.00124,0.0,0.00185,0.0,0.0,0.0,0.0
Persicimonas,0.01668,0.0106,0.0089,0.00525,0.00842,0.01162,0.00402,0.01368,0.02606,0.01112,0.01029,0.00303,0.00894,0.00238
Peterkaempfera,0.01668,0.01192,0.0341,0.01725,0.02386,0.04647,0.00402,0.0199,0.01737,0.00185,0.00908,0.0117,0.01787,0.00358
Peteryoungia,0.01251,0.00265,0.01335,0.01275,0.00842,0.00581,0.02011,0.00497,0.0029,0.01112,0.00727,0.00607,0.01005,0.00954
Petrimonas,0.0,0.00132,0.0,0.0015,0.00421,0.00194,0.0,0.00124,0.0,0.0,0.0,0.00043,0.0,0.0
Petrocella,0.0,0.00132,0.0,0.00075,0.0014,0.00194,0.0,0.0,0.0,0.0,0.0,0.0,0.00112,0.00119
Petroclostridium,0.0,0.0,0.0,0.0,0.0,0.0,0.0,0.0,0.0,0.0,0.0,0.0,0.00223,0.0
Phaeobacter,0.02502,0.03179,0.04893,0.0255,0.02386,0.00968,0.01609,0.02487,0.02317,0.02781,0.06237,0.06978,0.02458,0.03935
Phaeodactylum,0.00626,0.00927,0.00148,0.003,0.0014,0.00097,0.00402,0.00124,0.00869,0.00185,0.00727,0.0091,0.0,0.01073
Phaeomarinobacter,0.0146,0.0106,0.01483,0.00525,0.00842,0.00775,0.00804,0.00497,0.00579,0.00556,0.00848,0.0052,0.00782,0.00477
Phaeovirus,0.0,0.0,0.0,0.0,0.0,0.0,0.0,0.0,0.0,0.0,0.0,0.00043,0.0,0.0
Phascolarctobacterium,0.0,0.0,0.0,0.00225,0.0,0.00097,0.00402,0.0,0.00869,0.00185,0.0,0.00997,0.00223,0.0
Phenylobacterium,0.15014,0.09802,0.10528,0.18523,0.14734,0.09875,0.08446,0.16166,0.12452,0.11495,0.09022,0.11399,0.0983,0.13712
Phikmvvirus,0.0,0.0,0.0,0.00075,0.0,0.0,0.0,0.0,0.0,0.0,0.0,0.0,0.0,0.0
Phnomibacter,0.00209,0.00397,0.00741,0.00825,0.0014,0.00194,0.0,0.00497,0.0,0.0,0.01332,0.08322,0.00223,0.00596
Phocaeicola,0.00417,0.00397,0.0,0.0045,0.0,0.00097,0.0,0.00249,0.00869,0.0,0.00363,0.00954,0.00447,0.00119
Phoenicibacter,0.0,0.0,0.0,0.0,0.0,0.00097,0.0,0.0,0.0,0.0,0.0,0.0,0.0,0.00119
Phormidium,0.0,0.00132,0.0,0.0,0.0,0.0,0.0,0.0,0.0,0.0,0.0,0.0,0.00112,0.0
Photobacterium,0.00417,0.0159,0.01779,0.01875,0.01263,0.01162,0.01207,0.01244,0.02027,0.00556,0.01453,0.00824,0.04133,0.02265
Photorhabdus,0.0,0.00132,0.00148,0.00075,0.0014,0.0,0.00804,0.00124,0.0,0.00185,0.00182,0.00173,0.00447,0.00238
Phototrophicus,0.01251,0.00132,0.00741,0.0,0.00281,0.00194,0.0,0.0,0.0,0.00556,0.00363,0.0,0.00447,0.00358
Phrappuccinovirus,0.0,0.0,0.0,0.00075,0.0,0.0,0.0,0.0,0.0,0.0,0.0,0.00043,0.0,0.0
Phreatobacter,0.1689,0.20134,0.22539,0.14173,0.18102,0.17233,0.17294,0.21389,0.14189,0.12978,0.09567,0.08712,0.14634,0.18005
Phycicoccus,0.03962,0.03974,0.04004,0.04424,0.0435,0.03388,0.02011,0.13679,0.22587,0.19097,0.11323,0.66488,0.48928,0.02623
Phycisphaera,0.00626,0.00795,0.01483,0.003,0.00982,0.00871,0.0,0.00497,0.02317,0.00371,0.00666,0.00217,0.01676,0.00954
Phyllobacterium,0.05213,0.06623,0.07711,0.06224,0.06876,0.07164,0.07239,0.06466,0.03765,0.06304,0.05753,0.03034,0.08825,0.06796
Phytobacter,0.0,0.00662,0.0,0.0015,0.0,0.0,0.0,0.00124,0.0,0.0,0.00182,0.0,0.0,0.02504
Phytohabitans,0.04588,0.04371,0.06821,0.04649,0.06034,0.11521,0.08044,0.0858,0.06371,0.04264,0.04057,0.03771,0.05362,0.04889
Phytoplasma,0.0,0.0,0.00148,0.0015,0.0,0.0,0.0,0.0,0.0,0.00185,0.0,0.00087,0.0,0.00119
Pichia,0.0,0.0,0.0,0.00075,0.0,0.00097,0.0,0.00124,0.0,0.0,0.00061,0.0013,0.00112,0.0
Picosynechococcus,0.00209,0.0,0.00148,0.0015,0.0,0.00194,0.00402,0.00124,0.0029,0.00556,0.00121,0.0013,0.00112,0.00358
Pigmentibacter,0.00417,0.0,0.0,0.0,0.0,0.0,0.0,0.0,0.0,0.0,0.00182,0.0,0.0,0.0
Pigmentiphaga,0.06256,0.04504,0.04448,0.08624,0.04771,0.03969,0.05631,0.08332,0.0666,0.05562,0.066,0.04291,0.06367,0.05246
Pikeienuella,0.02294,0.01457,0.02669,0.0165,0.00982,0.00871,0.01207,0.0199,0.01737,0.00556,0.00727,0.0091,0.0067,0.00954
Pimelobacter,0.03962,0.02517,0.043,0.03525,0.05894,0.05615,0.02011,0.03979,0.05502,0.03708,0.03512,0.03641,0.03351,0.031
Pipefishvirus,0.0,0.00132,0.0,0.0,0.0,0.0,0.0,0.0,0.0,0.0,0.0,0.0,0.0,0.0
Pirellula,0.00834,0.00795,0.01779,0.0075,0.00842,0.00678,0.00804,0.00373,0.01158,0.01112,0.01272,0.0039,0.01005,0.00715
Pirellulimonas,0.02085,0.01854,0.0341,0.00975,0.02666,0.01355,0.00804,0.02611,0.02317,0.02781,0.01272,0.00607,0.01117,0.02385
Piscinibacter,0.74026,0.42918,0.46708,0.50168,0.27644,0.18588,0.18903,0.58072,0.83398,0.7787,1.7076,0.33374,0.50938,0.58664
Piscirickettsia,0.0,0.0,0.0,0.00075,0.0014,0.0,0.0,0.00124,0.0,0.00185,0.00182,0.0,0.00559,0.00238
Pistricoccus,0.00417,0.00397,0.00148,0.00675,0.00281,0.00581,0.00402,0.00124,0.0,0.00371,0.00606,0.0052,0.01229,0.00596
Planctomyces,0.07507,0.04239,0.08304,0.03824,0.07858,0.04163,0.05228,0.0485,0.08977,0.04821,0.03209,0.01474,0.05474,0.05604
Planctopirus,0.01043,0.00265,0.00593,0.003,0.00561,0.0029,0.0,0.00622,0.0029,0.00556,0.00484,0.0013,0.00559,0.00835
Planktophila,0.00417,0.00132,0.00297,0.00225,0.00281,0.00097,0.00804,0.00622,0.00579,0.0,0.00242,0.00303,0.00112,0.02981
Planktothrix,0.01877,0.0053,0.00741,0.0015,0.0,0.0029,0.0,0.00249,0.0029,0.00185,0.00061,0.00173,0.0,0.00715
Planococcus,0.00626,0.00662,0.00148,0.0075,0.00702,0.01065,0.00402,0.00622,0.0029,0.00742,0.00484,0.0026,0.01005,0.00358
Plantactinospora,0.04796,0.05299,0.06376,0.03225,0.07297,0.09778,0.02011,0.03731,0.02027,0.05748,0.03512,0.01994,0.04245,0.03219
Plantibacter,0.00626,0.0106,0.02076,0.01875,0.00842,0.02324,0.0,0.01244,0.00869,0.00742,0.01453,0.0156,0.01117,0.01192
Plasmodium,0.0146,0.0053,0.01335,0.01725,0.01263,0.01162,0.0,0.0087,0.02027,0.00742,0.00848,0.02384,0.00447,0.01431
Pleakleyvirus,0.0,0.0,0.0,0.00075,0.0,0.0,0.0,0.0,0.0,0.0,0.0,0.0,0.0,0.0
Pleionea,0.00209,0.0,0.0,0.00225,0.0014,0.00097,0.0,0.0,0.0,0.00556,0.00182,0.00087,0.00223,0.00238
Pleomorphomonas,0.0417,0.03709,0.06969,0.04499,0.04911,0.0426,0.02815,0.05596,0.02896,0.04635,0.02301,0.03901,0.03351,0.03696
Plesiomonas,0.00209,0.0,0.00148,0.0075,0.0014,0.00387,0.0,0.00124,0.0029,0.0,0.00424,0.00433,0.0067,0.00358
Pleurocapsa,0.0,0.00265,0.00148,0.0,0.0,0.00484,0.0,0.00249,0.0029,0.00185,0.00121,0.0,0.00335,0.00119
Pluralibacter,0.00834,0.00265,0.01038,0.009,0.0014,0.00678,0.00402,0.00622,0.0,0.00371,0.00424,0.00303,0.0067,0.01073
Pochonia,0.0,0.0,0.00148,0.00075,0.00281,0.00097,0.0,0.00124,0.0,0.00185,0.00121,0.0013,0.0,0.00119
Polaribacter,0.0,0.00397,0.00297,0.015,0.0,0.00194,0.0,0.00497,0.00579,0.00927,0.01211,0.02601,0.00112,0.00954
Polaromonas,0.14597,0.31923,0.09786,0.51518,0.13471,0.08229,0.05228,0.11689,0.1361,0.20395,0.52015,0.26049,0.15416,0.2492
Pollutimonas,0.01251,0.01325,0.02372,0.02775,0.02105,0.01549,0.02011,0.0286,0.03185,0.01483,0.02483,0.0104,0.0134,0.01908
Polyangium,0.12303,0.102,0.06969,0.05399,0.06595,0.06486,0.03218,0.08207,0.0666,0.0927,0.04784,0.02297,0.0391,0.06081
Polybotosvirus,0.0,0.0,0.0,0.00075,0.0,0.00097,0.0,0.0,0.0,0.0,0.0,0.0,0.0,0.0
Polycladomyces,0.0,0.0,0.0,0.00075,0.0,0.00097,0.0,0.00124,0.0,0.0,0.00303,0.0,0.0,0.00119
Polymorphobacter,0.0146,0.02119,0.01631,0.0255,0.02386,0.0213,0.0362,0.01865,0.02027,0.01669,0.01756,0.00867,0.01452,0.01431
Polymorphospora,0.00834,0.0106,0.01335,0.02325,0.02526,0.04453,0.00804,0.02238,0.01158,0.01298,0.00969,0.01257,0.02569,0.01669
Polymorphum,0.02919,0.02914,0.04448,0.02925,0.0421,0.03679,0.03218,0.03109,0.03475,0.03708,0.02543,0.03121,0.03463,0.03935
Polynucleobacter,0.03545,0.06623,0.01928,0.80614,0.05332,0.04163,12.00129,0.11192,0.04054,0.09641,0.07206,0.1413,0.1441,0.31001
Polystyrenella,0.0,0.00132,0.00148,0.00075,0.0014,0.0,0.0,0.00373,0.0029,0.00185,0.00121,0.0,0.00112,0.00119
Pontibacillus,0.0,0.0,0.0,0.0,0.0,0.00097,0.0,0.0,0.0,0.0,0.0,0.0,0.00112,0.00119
Pontibacter,0.01043,0.0106,0.00593,0.02025,0.01403,0.01839,0.02815,0.00373,0.02027,0.00927,0.01817,0.00607,0.01452,0.01192
Pontibrevibacter,0.01877,0.00265,0.00741,0.0075,0.01123,0.00484,0.00402,0.00497,0.01737,0.00927,0.00969,0.00867,0.00894,0.00238
Ponticoccus,0.00209,0.01192,0.00593,0.01275,0.00702,0.00484,0.0,0.00497,0.02027,0.00742,0.01877,0.04551,0.01229,0.01312
Pontimonas,0.0,0.0,0.00148,0.00075,0.0,0.0,0.00804,0.0,0.0029,0.0,0.0,0.0,0.0,0.0
Pontivivens,0.0146,0.01457,0.0089,0.009,0.00702,0.00387,0.00402,0.00746,0.0029,0.01112,0.01756,0.01604,0.00559,0.01073
Porifericola,0.0,0.0,0.0,0.00225,0.0,0.00097,0.0,0.0,0.0,0.0,0.00061,0.00043,0.00112,0.0
Poriferisphaera,0.00209,0.0,0.0,0.00075,0.0014,0.0,0.0,0.00124,0.0,0.0,0.0,0.00043,0.00223,0.00119
Porphyrobacter,0.03962,0.05034,0.05931,0.15148,0.03368,0.04357,0.04424,0.0485,0.09266,0.03894,0.07569,0.15517,0.04468,0.10612
Porphyromonas,0.00209,0.00265,0.00148,0.006,0.00702,0.00484,0.00402,0.0087,0.00869,0.00742,0.00424,0.00347,0.00335,0.00715
Portiera,0.00209,0.0,0.0,0.0,0.0,0.0,0.0,0.00124,0.0,0.00185,0.0,0.00043,0.00112,0.0
Poseidonibacter,0.0,0.0,0.0,0.00075,0.0,0.0,0.0,0.0,0.0,0.0,0.0,0.00173,0.0,0.0
Pradoshia,0.0,0.0,0.0,0.0,0.0,0.0,0.0,0.0,0.0,0.0,0.00061,0.0,0.0,0.00119
Pragia,0.0,0.00132,0.0,0.00075,0.0014,0.0,0.0,0.0,0.0029,0.0,0.0,0.00043,0.00335,0.00119
Prauserella,0.00417,0.01457,0.00741,0.0165,0.00982,0.02324,0.01609,0.00746,0.00579,0.00927,0.00727,0.00824,0.0067,0.00358
Prescottella,0.02294,0.01722,0.02966,0.03,0.02245,0.03292,0.00804,0.02611,0.04344,0.02596,0.01938,0.02514,0.02458,0.05485
Prevotella,0.00834,0.00662,0.00593,0.0135,0.00982,0.00871,0.01609,0.0087,0.01448,0.01298,0.01151,0.0143,0.01005,0.00954
Priestia,0.0,0.0,0.0,0.0015,0.0014,0.00194,0.0,0.01865,0.01158,0.03337,0.00121,0.00607,0.00782,0.00596
Prochlorococcus,0.00417,0.00132,0.00148,0.0015,0.00281,0.00194,0.0,0.00124,0.0,0.00371,0.00363,0.0026,0.00223,0.01073
Prodigiosinella,0.0,0.0,0.0,0.0,0.0,0.0,0.0,0.0,0.0,0.0,0.00061,0.0,0.00559,0.00358
Profftella,0.0,0.0,0.0,0.0,0.0,0.0,0.0,0.0,0.0,0.0,0.00121,0.0,0.0,0.00238
Profftia,0.0,0.0,0.0,0.0,0.0,0.0,0.0,0.0,0.0,0.00185,0.00061,0.0,0.00112,0.00119
Profundibacter,0.00417,0.00397,0.00593,0.00675,0.00281,0.00097,0.00402,0.00124,0.0029,0.00556,0.01029,0.01734,0.00335,0.00477
Propionibacterium,0.02085,0.01854,0.01928,0.027,0.01965,0.02517,0.01207,0.02984,0.04054,0.02225,0.03028,0.07498,0.01787,0.02265
Propioniciclava,0.05213,0.03841,0.02817,0.02775,0.03227,0.04163,0.01207,0.03855,0.05212,0.04635,0.02422,0.18334,0.01676,0.05246
Propionimicrobium,0.00417,0.0,0.00445,0.0045,0.00281,0.00194,0.0,0.00249,0.00579,0.0,0.00303,0.03988,0.00447,0.00358
Propionivibrio,0.0146,0.02119,0.02817,0.02475,0.03508,0.0242,0.04424,0.02736,0.05502,0.05006,0.03633,0.05851,0.02122,0.04293
Prosthecochloris,0.00417,0.00662,0.00741,0.00075,0.0014,0.00775,0.00402,0.00249,0.0,0.00742,0.00363,0.00217,0.01117,0.00238
Protaetiibacter,0.02711,0.00662,0.01928,0.03,0.00982,0.02227,0.02011,0.0199,0.03185,0.0241,0.02604,0.02124,0.0134,0.01669
Proteiniborus,0.0,0.0,0.0,0.00075,0.0,0.0,0.0,0.0,0.0029,0.0,0.0,0.0,0.0,0.0
Proteiniclasticum,0.00209,0.00132,0.0,0.00075,0.0014,0.0,0.00402,0.0,0.0029,0.0,0.00121,0.0013,0.00223,0.0
Proteiniphilum,0.0,0.00265,0.0,0.0,0.0014,0.00097,0.00402,0.0,0.0,0.0,0.00242,0.00217,0.00112,0.0
Proteus,0.0,0.00397,0.0,0.00975,0.00281,0.0029,0.02815,0.0,0.0,0.00556,0.00121,0.00173,0.03686,0.00715
Protochlamydia,0.0,0.00132,0.00148,0.003,0.00982,0.00775,0.0,0.00373,0.0,0.0,0.00061,0.00087,0.00559,0.00119
Protofrankia,0.01043,0.01192,0.02966,0.0165,0.03929,0.04066,0.0362,0.01741,0.01737,0.01483,0.00848,0.00824,0.01117,0.01431
Providencia,0.01251,0.00132,0.00148,0.003,0.02105,0.00387,0.0,0.00249,0.01158,0.00185,0.00848,0.0078,0.05585,0.02027
Pseudactinotalea,0.00209,0.0106,0.00593,0.00675,0.00561,0.01259,0.00402,0.0087,0.01448,0.00371,0.00787,0.01084,0.01452,0.00119
Pseudalgibacter,0.0,0.0,0.0,0.00075,0.0,0.0,0.0,0.0,0.0,0.0,0.00182,0.00043,0.0,0.0
Pseudalkalibacillus,0.0,0.0,0.00148,0.0,0.0,0.0,0.00402,0.0,0.0,0.0,0.0,0.0,0.0,0.0
Pseudanabaena,0.00417,0.0053,0.00297,0.00375,0.00561,0.00097,0.01207,0.00249,0.0,0.0,0.00363,0.00043,0.00335,0.00477
Pseudarthrobacter,0.05005,0.02649,0.04448,0.05849,0.0449,0.08326,0.04022,0.04228,0.0666,0.05562,0.04663,0.05591,0.05474,0.04054
Pseudazoarcus,0.02711,0.01854,0.03707,0.0345,0.00561,0.02033,0.01609,0.03233,0.05502,0.0241,0.02059,0.01907,0.03351,0.04412
Pseudemcibacter,0.0,0.00132,0.0,0.0,0.00281,0.0,0.0,0.00124,0.0,0.0,0.00182,0.0013,0.0,0.0
Pseudescherichia,0.00209,0.0,0.0,0.0,0.0014,0.00097,0.0,0.0,0.0,0.00185,0.0,0.00173,0.00447,0.00119
Pseudidiomarina,0.0,0.0,0.0,0.0,0.0,0.0,0.0,0.00124,0.0,0.0,0.00061,0.00043,0.00223,0.00119
Pseudoalteromonas,0.0146,0.00662,0.00445,0.021,0.00982,0.01743,0.02815,0.01492,0.01448,0.03894,0.02119,0.01084,0.105,0.03219
Pseudobacter,0.0,0.00397,0.00297,0.015,0.0014,0.0029,0.0,0.01368,0.00579,0.00371,0.00727,0.0143,0.00223,0.00715
Pseudobdellovibrio,0.0,0.00397,0.0,0.00075,0.0014,0.00097,0.0,0.00124,0.0029,0.00185,0.0,0.00043,0.00112,0.00119
Pseudobutyrivibrio,0.0,0.0,0.0,0.0,0.0,0.0,0.0,0.0,0.0,0.0,0.0,0.00043,0.0,0.0
Pseudochrobactrum,0.00209,0.0053,0.01335,0.0105,0.00561,0.00968,0.01207,0.01119,0.0029,0.00556,0.00303,0.0052,0.01117,0.00835
Pseudocitrobacter,0.0,0.00132,0.0,0.0,0.00281,0.00194,0.0,0.0,0.0,0.00185,0.00061,0.00043,0.00559,0.00358
Pseudoclavibacter,0.00209,0.00132,0.00148,0.00225,0.00281,0.00194,0.0,0.0,0.0,0.0,0.00061,0.00173,0.00223,0.00238
Pseudoclostridium,0.0,0.00132,0.0,0.0,0.0014,0.00194,0.0,0.00124,0.0029,0.0,0.00121,0.0013,0.0,0.00119
Pseudocnuella,0.0,0.00662,0.00297,0.01125,0.00281,0.0029,0.00402,0.00497,0.0029,0.00556,0.00787,0.00997,0.00894,0.00715
Pseudodesulfovibrio,0.03128,0.03709,0.02224,0.04349,0.04771,0.03776,0.02815,0.03731,0.04633,0.06118,0.02967,0.0169,0.06479,0.04412
Pseudoduganella,0.18142,0.12849,0.17497,0.23622,0.14874,0.11908,0.11261,0.17409,0.25193,0.25957,0.25008,0.14,0.17985,0.22893
Pseudofrankia,0.05005,0.03444,0.07117,0.05474,0.04771,0.09197,0.04022,0.04725,0.07529,0.03708,0.02543,0.02254,0.03239,0.03219
Pseudoglutamicibacter,0.0,0.0,0.0,0.00075,0.0014,0.00097,0.0,0.0,0.0,0.0,0.0,0.00173,0.0,0.00119
Pseudogulbenkiania,0.02502,0.01722,0.02817,0.02025,0.02526,0.00775,0.01207,0.03482,0.03475,0.02596,0.02362,0.01604,0.02234,0.03696
Pseudohalocynthiibacter,0.00626,0.0,0.0,0.0,0.0,0.0,0.0,0.00249,0.0,0.0,0.00363,0.0013,0.0,0.00715
Pseudohongiella,0.0,0.0,0.00297,0.003,0.0,0.0,0.0,0.00124,0.0,0.00556,0.00303,0.00043,0.00559,0.00238
Pseudolabrys,0.72358,0.83451,0.81702,0.3847,0.75074,0.74933,1.1583,0.92269,0.45753,0.4561,0.2192,0.04768,0.64678,0.65461
Pseudolysobacter,0.02502,0.01325,0.01779,0.0135,0.00702,0.00968,0.01609,0.00995,0.0029,0.00556,0.01453,0.00173,0.01229,0.00835
Pseudomonas,1.50138,1.39483,1.65184,1.88,1.48183,1.77458,1.22667,1.44497,1.81565,2.00237,1.62706,1.39823,2.43744,1.79928
Pseudonocardia,0.21478,0.21856,0.30842,0.24072,0.37467,0.52666,0.15685,0.31088,0.27799,0.2058,0.24403,0.18161,0.24129,0.22178
Pseudooceanicola,0.03128,0.01457,0.03114,0.03075,0.01965,0.01355,0.02011,0.02114,0.03185,0.01298,0.06116,0.08625,0.02122,0.04173
Pseudopedobacter,0.0,0.00132,0.0,0.0,0.0,0.0,0.0,0.00249,0.0,0.0,0.0,0.0013,0.0,0.00596
Pseudoprevotella,0.0,0.00397,0.0,0.00075,0.0,0.00097,0.0,0.0,0.0,0.0,0.00061,0.00043,0.0,0.00119
Pseudorhizobium,0.00834,0.02119,0.03114,0.0195,0.00842,0.01839,0.00804,0.01865,0.02027,0.01483,0.0109,0.02254,0.02458,0.02623
Pseudorhodobacter,0.00209,0.00132,0.00297,0.006,0.0014,0.00484,0.00402,0.00497,0.00579,0.00185,0.00908,0.02904,0.00335,0.00119
Pseudorhodoplanes,0.18767,0.21724,0.17942,0.12598,0.23715,0.16845,0.11663,0.21637,0.11294,0.13535,0.07993,0.03641,0.16756,0.16812
Pseudoroseomonas,0.03128,0.01987,0.02669,0.04124,0.01965,0.02711,0.00402,0.03482,0.01737,0.01854,0.01635,0.04724,0.02122,0.01789
Pseudosulfitobacter,0.01043,0.02119,0.02669,0.02775,0.00561,0.01839,0.00402,0.01492,0.0029,0.01112,0.0436,0.05851,0.01676,0.0465
Pseudothauera,0.00834,0.0159,0.01483,0.02175,0.02245,0.01452,0.0,0.0087,0.02606,0.02596,0.00848,0.0143,0.02458,0.01669
Pseudothermotoga,0.0,0.0,0.0,0.00075,0.0014,0.00194,0.0,0.00249,0.0,0.00185,0.0,0.0,0.00112,0.00119
Pseudovibrio,0.00626,0.00795,0.01186,0.003,0.00421,0.00581,0.00402,0.00622,0.0029,0.00185,0.00484,0.00173,0.00223,0.01192
Pseudoxanthomonas,0.11677,0.08345,0.10231,0.15298,0.08279,0.09391,0.04826,0.09451,0.13031,0.13535,0.1865,0.07628,0.12511,0.10374
Psilocybe,0.00626,0.00132,0.00148,0.003,0.00421,0.00194,0.0,0.00124,0.0,0.0,0.00242,0.00043,0.00335,0.00238
Psychrobacillus,0.0,0.0,0.0,0.0,0.0,0.0,0.00402,0.0,0.0,0.0,0.0,0.00043,0.0,0.00119
Psychrobacter,0.00209,0.00795,0.00297,0.009,0.00281,0.01065,0.0,0.00497,0.00579,0.00742,0.01029,0.00607,0.0525,0.02027
Psychroflexus,0.0,0.0,0.00148,0.003,0.0014,0.00097,0.0,0.0,0.0,0.0,0.00121,0.00173,0.0,0.0
Psychromicrobium,0.0,0.00265,0.00148,0.00225,0.00421,0.00484,0.0,0.00249,0.0,0.00371,0.00121,0.00087,0.0,0.00119
Psychromonas,0.0,0.0,0.0,0.0,0.0,0.0,0.0,0.0,0.0,0.0,0.00121,0.00043,0.0067,0.00596
Psychroserpens,0.0,0.0,0.00148,0.003,0.0,0.0,0.0,0.0,0.0,0.0,0.0,0.0039,0.00335,0.0
Psychrosphaera,0.0,0.00132,0.0,0.00075,0.0014,0.0,0.0,0.0,0.0,0.0,0.00303,0.0,0.00447,0.00119
Puccinia,0.0,0.0,0.00445,0.0015,0.0014,0.00387,0.00402,0.00249,0.0,0.00371,0.00182,0.00303,0.00112,0.00238
Pukyongia,0.0,0.00132,0.0,0.0,0.0,0.00097,0.0,0.0,0.0,0.0,0.0,0.00043,0.0,0.0
Pukyongiella,0.00626,0.02119,0.01335,0.027,0.01123,0.00871,0.01207,0.01368,0.02606,0.00742,0.0224,0.03034,0.01229,0.01908
Pullulanibacillus,0.0,0.0,0.00148,0.0,0.0014,0.0,0.0,0.0,0.0,0.0,0.0,0.0,0.00223,0.00119
Pulveribacter,0.03545,0.05961,0.01928,0.08024,0.03087,0.01839,0.06033,0.03357,0.05502,0.05933,0.08538,0.06111,0.0391,0.06677
Puniceicoccus,0.00417,0.0,0.00297,0.0,0.0,0.0,0.0,0.0,0.0029,0.0,0.00182,0.00087,0.0,0.00119
Puniceispirillum,0.00209,0.00397,0.00148,0.00225,0.00281,0.0029,0.0,0.0,0.0,0.00185,0.00121,0.00043,0.00223,0.0
Puppervirus,0.0,0.0,0.0,0.0,0.0,0.00194,0.0,0.0,0.0,0.0,0.0,0.0,0.00112,0.0
Purpureocillium,0.0,0.0053,0.00593,0.00525,0.00702,0.00581,0.0,0.00124,0.0,0.00185,0.00061,0.00347,0.00447,0.00119
Pusillibacter,0.0,0.0,0.0,0.0,0.0,0.0,0.0,0.0,0.0,0.00556,0.0,0.0,0.00447,0.00119
Pusillimonas,0.00209,0.00662,0.00445,0.00675,0.00702,0.00775,0.0,0.01119,0.00579,0.00556,0.01151,0.0065,0.01229,0.01073
Pyramidobacter,0.00209,0.00662,0.0,0.003,0.00281,0.00194,0.00402,0.00373,0.00869,0.00556,0.00303,0.00087,0.00335,0.00358
Pyricularia,0.00417,0.00397,0.0,0.0045,0.00421,0.01162,0.01207,0.0087,0.01158,0.00556,0.00303,0.0039,0.00112,0.00358
Pyrobaculum,0.00209,0.0,0.00148,0.0,0.0,0.00097,0.0,0.0,0.0029,0.00371,0.00121,0.00087,0.0,0.00119
Pyrococcus,0.0,0.00265,0.0,0.0,0.0,0.0,0.00402,0.0,0.0,0.00185,0.0,0.00043,0.0,0.0
Pyruvatibacter,0.01877,0.01722,0.01335,0.01425,0.02105,0.01743,0.00804,0.01368,0.00869,0.01669,0.00969,0.00563,0.01117,0.01908
Pyxidicoccus,0.03336,0.01325,0.02669,0.015,0.01965,0.00581,0.02011,0.01741,0.04923,0.06304,0.0224,0.0078,0.04803,0.03458
Qiania,0.0,0.0,0.00148,0.00075,0.0,0.0,0.0,0.00124,0.0,0.0,0.0,0.00087,0.00112,0.00119
Qingshengfaniella,0.01043,0.00397,0.00148,0.00375,0.00842,0.01065,0.00804,0.00746,0.0029,0.00371,0.00363,0.00824,0.00335,0.00238
Qipengyuania,0.06881,0.11657,0.12604,0.27896,0.09963,0.08423,0.06435,0.07834,0.11583,0.10197,0.19922,0.24879,0.06032,0.15143
Quatrionicoccus,0.02919,0.03444,0.0089,0.0225,0.02386,0.01452,0.02815,0.06839,0.32143,0.22619,0.14775,0.6159,0.03575,0.04531
Quesadillavirus,0.0,0.0,0.00148,0.0,0.0,0.0,0.0,0.0,0.0,0.0,0.0,0.0,0.0,0.0
Rahnella,0.00209,0.01325,0.0089,0.006,0.00702,0.00581,0.01609,0.00249,0.00869,0.00927,0.00242,0.00173,0.00559,0.01192
Raineyella,0.03128,0.02252,0.02669,0.024,0.0421,0.04647,0.03218,0.0199,0.04633,0.02781,0.02725,0.04248,0.03351,0.03339
Ralstonia,0.30236,0.18147,0.17794,0.34945,0.19646,0.21299,0.2574,0.26238,0.37935,0.30777,0.32699,0.22842,0.26475,0.29213
Ramlibacter,0.48795,0.39871,0.2847,0.54068,0.25539,0.17523,0.17294,0.50238,0.63707,0.62481,0.81505,0.41826,0.36193,0.58545
Raoultella,0.00626,0.01722,0.02224,0.01125,0.01544,0.00968,0.00402,0.00622,0.03765,0.02039,0.00666,0.01214,0.01899,0.0
Raoultibacter,0.00209,0.00265,0.00297,0.00225,0.00561,0.0029,0.0,0.00622,0.00579,0.00556,0.00606,0.00087,0.00223,0.00358
Rasiella,0.0,0.0,0.0,0.0,0.0,0.0,0.0,0.00124,0.0,0.0,0.00061,0.0013,0.0,0.00119
Rathayibacter,0.05005,0.04239,0.08897,0.06374,0.06736,0.08423,0.04022,0.04725,0.05792,0.08899,0.06237,0.07585,0.0458,0.03935
Reichenbachiella,0.0,0.0,0.0,0.00675,0.0014,0.00097,0.0,0.0,0.0,0.0,0.00121,0.00217,0.00112,0.0
Reidiella,0.00209,0.00265,0.00148,0.003,0.0014,0.00581,0.00402,0.00124,0.00579,0.01298,0.00666,0.0026,0.00447,0.00835
Reinekea,0.0,0.00132,0.0,0.003,0.0,0.00484,0.0,0.00124,0.00579,0.0,0.00121,0.00043,0.00559,0.0
Renibacterium,0.00209,0.0,0.00297,0.00075,0.0014,0.00097,0.00402,0.00124,0.0,0.0,0.00061,0.0,0.0,0.00238
Rhabdochlamydia,0.0,0.00265,0.00297,0.0,0.00421,0.0029,0.0,0.00124,0.0,0.0,0.0,0.0,0.00223,0.0
Rheavirus,0.0,0.0,0.0,0.0,0.0,0.0,0.0,0.0,0.0,0.0,0.0,0.00043,0.0,0.0
Rheinheimera,0.0,0.00265,0.0,0.00225,0.0014,0.00097,0.00804,0.0,0.0,0.00556,0.00484,0.0052,0.01452,0.00477
Rhizobacter,0.44624,0.25433,0.30991,0.3727,0.13331,0.10262,0.11261,0.41658,1.00194,1.04383,3.33043,0.27913,0.63338,0.71423
Rhizobium,1.06556,1.05175,1.24259,0.88638,1.037,0.99814,0.71187,1.06445,0.81082,0.68414,0.79991,0.60506,0.91935,0.93601
Rhizoctonia,0.00417,0.00132,0.00445,0.00075,0.00281,0.00387,0.0,0.00124,0.0029,0.00185,0.00121,0.00173,0.0,0.00119
Rhizorhabdus,0.06047,0.05431,0.07414,0.10124,0.07437,0.03969,0.05631,0.04601,0.0666,0.04264,0.04784,0.07628,0.02681,0.08823
Rhodanobacter,0.08341,0.05563,0.07414,0.07949,0.06736,0.05809,0.01609,0.05845,0.0695,0.06118,0.06782,0.03034,0.05585,0.09062
Rhodobaca,0.00209,0.00397,0.00445,0.0075,0.00421,0.00678,0.00804,0.00124,0.0029,0.00371,0.00545,0.01647,0.00223,0.00238
Rhodobacter,0.02711,0.03974,0.03114,0.06299,0.06595,0.03485,0.0362,0.06342,0.10714,0.02781,0.12111,0.51491,0.04692,0.07512
Rhodocaloribacter,0.00834,0.00662,0.01335,0.006,0.01263,0.00775,0.00804,0.01119,0.02606,0.00742,0.00727,0.0039,0.02346,0.01908
Rhodococcus,0.33364,0.30731,0.42705,0.3697,0.46167,0.56829,0.38208,0.33078,0.35039,0.32631,0.25856,0.30687,0.36975,0.56399
Rhodocytophaga,0.0,0.0,0.0,0.00375,0.00281,0.0,0.0,0.00249,0.0,0.0,0.00182,0.00217,0.00335,0.00119
Rhodoferax,0.6214,1.39086,0.20611,1.28608,0.56691,0.34078,0.2574,0.47627,0.63707,1.00304,2.06244,1.16418,0.48481,1.42011
Rhodoluna,0.00209,0.00132,0.00741,0.00975,0.0014,0.00097,0.06033,0.00497,0.0029,0.00371,0.00424,0.0013,0.00112,0.03577
Rhodomicrobium,0.05422,0.07153,0.06673,0.05699,0.11647,0.10843,0.13674,0.09575,0.04923,0.05377,0.0224,0.01994,0.0525,0.03935
Rhodophyticola,0.00834,0.00397,0.00593,0.00825,0.00421,0.00387,0.01207,0.00995,0.00579,0.00185,0.01756,0.02687,0.00782,0.01073
Rhodopirellula,0.00417,0.00265,0.0089,0.00375,0.00702,0.0029,0.00402,0.00124,0.01158,0.01112,0.00121,0.00303,0.0,0.00954
Rhodoplanes,0.78405,0.95506,0.81851,0.58192,0.75916,0.4618,0.46654,0.79958,0.46622,0.51728,0.30943,0.02947,0.39097,0.79173
Rhodopseudomonas,0.89248,0.92326,0.82295,0.59467,0.97386,0.83162,0.76818,0.85803,0.50966,0.51543,0.31851,0.1439,0.62556,0.70826
Rhodospirillum,0.01877,0.03179,0.04004,0.04199,0.04631,0.04937,0.0362,0.03109,0.02317,0.02781,0.01877,0.02471,0.05139,0.04889
Rhodothermus,0.00626,0.00662,0.01335,0.01125,0.00982,0.00775,0.01207,0.01617,0.01737,0.00556,0.00727,0.00347,0.00782,0.01431
Rhodovastum,0.02919,0.03312,0.043,0.07049,0.04771,0.04163,0.02011,0.05098,0.03185,0.03708,0.02725,0.0221,0.04245,0.04889
Rhodovulum,0.0146,0.01722,0.02521,0.03899,0.0421,0.03001,0.00402,0.0286,0.02896,0.02039,0.0545,0.09189,0.02011,0.0465
Richelia,0.0,0.0,0.0,0.0,0.0,0.0,0.0,0.0,0.0,0.0,0.00121,0.0,0.00112,0.00238
Rickettsia,0.00209,0.00265,0.00148,0.00075,0.00281,0.00678,0.0,0.00497,0.0,0.0,0.00303,0.00173,0.00447,0.00954
Rickettsiella,0.0,0.0,0.0,0.0,0.00421,0.00581,0.00402,0.0,0.0,0.00185,0.00061,0.00043,0.00335,0.00119
Riemerella,0.0,0.0,0.0,0.0,0.0,0.00097,0.0,0.0,0.0,0.0,0.00242,0.01344,0.0,0.0
Riesia,0.0,0.0,0.0,0.0,0.0,0.0,0.0,0.0,0.0,0.0,0.00121,0.0,0.00112,0.0
Rigallicvirus,0.0,0.0,0.0,0.0,0.0,0.0,0.0,0.0,0.0,0.0,0.0,0.0,0.00112,0.0
Rippkaea,0.00209,0.00132,0.00445,0.0,0.0,0.0,0.0,0.0,0.0,0.0,0.0,0.0,0.0,0.00238
Rivularia,0.0,0.0,0.0,0.0015,0.0,0.0,0.0,0.0,0.0,0.0,0.00061,0.00087,0.0,0.00119
Robbsia,0.01043,0.00397,0.00445,0.0135,0.0014,0.00581,0.00804,0.00622,0.01448,0.00371,0.00908,0.00607,0.01005,0.00596
Robiginitalea,0.0,0.0,0.00297,0.00225,0.0014,0.00097,0.0,0.00249,0.00579,0.0,0.00061,0.00043,0.00112,0.00119
Rodentibacter,0.0,0.0,0.0,0.0015,0.0,0.0,0.0,0.00124,0.0,0.00371,0.00242,0.0,0.00335,0.00238
Romboutsia,0.0,0.00265,0.0,0.0015,0.0,0.0,0.0,0.00497,0.00869,0.0,0.00303,0.07152,0.00112,0.0
Roseateles,0.75069,0.69543,0.49377,1.04536,0.43922,0.31077,0.16892,0.75482,1.03379,1.17547,2.07576,0.89632,0.77748,0.97416
Roseburia,0.0,0.0,0.0,0.003,0.0,0.0,0.0,0.0,0.0,0.00371,0.00061,0.01257,0.00112,0.00119
Roseibacterium,0.00209,0.00397,0.00148,0.00525,0.00421,0.0029,0.0,0.00373,0.01448,0.00371,0.01332,0.01604,0.0067,0.00954
Roseibium,0.06881,0.08345,0.09638,0.07049,0.10805,0.07939,0.08044,0.06715,0.05212,0.05748,0.04965,0.04724,0.06591,0.08704
Roseicitreum,0.00417,0.00132,0.01038,0.0135,0.00561,0.00775,0.00804,0.00373,0.00579,0.00185,0.0109,0.02687,0.00894,0.00596
Roseiflexus,0.01043,0.0159,0.02076,0.01125,0.01263,0.00871,0.02815,0.0087,0.01158,0.00927,0.00666,0.00433,0.0067,0.01431
Roseimaritima,0.00417,0.00795,0.01038,0.006,0.00281,0.00968,0.00804,0.00497,0.01737,0.00556,0.00848,0.00087,0.01005,0.01073
Roseimicrobium,0.01668,0.00927,0.01928,0.02025,0.00982,0.00871,0.00402,0.00995,0.02606,0.01298,0.01029,0.00997,0.00559,0.02504
Roseinatronobacter,0.00417,0.00265,0.00148,0.00375,0.00281,0.00581,0.00402,0.00124,0.00579,0.00185,0.00666,0.01474,0.00335,0.00477
Roseitalea,0.0417,0.02782,0.02224,0.0195,0.03508,0.01936,0.02011,0.02363,0.02027,0.02039,0.01574,0.01647,0.01676,0.02862
Roseivirga,0.0,0.00132,0.0,0.00075,0.0,0.00097,0.00402,0.0,0.0,0.00185,0.0,0.00087,0.0,0.00238
Roseivivax,0.0146,0.03444,0.03707,0.02025,0.02666,0.03292,0.04424,0.01368,0.02606,0.02039,0.04178,0.05114,0.01452,0.03458
Rosenblumvirus,0.0,0.0,0.0,0.0,0.0,0.0,0.0,0.0,0.0029,0.0,0.0,0.00043,0.0,0.0
Roseobacter,0.01251,0.01325,0.01928,0.021,0.01263,0.01549,0.01609,0.0087,0.00579,0.00742,0.01453,0.02731,0.01005,0.02027
Roseococcus,0.0146,0.01722,0.02521,0.036,0.01684,0.01839,0.00804,0.01492,0.02606,0.00742,0.01029,0.05288,0.02011,0.02623
Roseomonas,0.13971,0.16028,0.14531,0.21522,0.14173,0.12392,0.12468,0.15668,0.15927,0.15203,0.09689,0.61373,0.13628,0.14785
Roseovarius,0.08132,0.05961,0.09045,0.09224,0.06174,0.05809,0.07642,0.08332,0.0666,0.06118,0.13443,0.20804,0.06032,0.09897
Rosistilla,0.00834,0.01192,0.01335,0.012,0.00702,0.01259,0.0,0.01119,0.01737,0.00742,0.00908,0.00303,0.01005,0.01192
Rossellomorea,0.00626,0.0053,0.0,0.00525,0.0014,0.00097,0.0,0.00124,0.0,0.00185,0.00182,0.00087,0.00223,0.00238
Rothia,0.01668,0.00132,0.01335,0.018,0.00982,0.0213,0.03218,0.02114,0.01448,0.01112,0.01332,0.01604,0.01005,0.00835
Rouxiella,0.00834,0.00132,0.00445,0.003,0.0014,0.00097,0.00402,0.00124,0.0,0.0,0.00303,0.0013,0.0134,0.00358
Ruania,0.01877,0.02119,0.02817,0.0285,0.02105,0.04163,0.01609,0.04601,0.01737,0.03894,0.02785,0.02904,0.02681,0.02981
Rubinisphaera,0.00209,0.00795,0.00297,0.00375,0.0,0.0029,0.0,0.00373,0.0029,0.00185,0.00424,0.0013,0.00335,0.00358
Rubivirus,0.0,0.0,0.0,0.0,0.0,0.00097,0.0,0.0,0.0,0.0,0.00061,0.0,0.0,0.0
Rubripirellula,0.0,0.00132,0.00148,0.00675,0.0014,0.00194,0.00804,0.00497,0.00579,0.00185,0.00061,0.00043,0.00447,0.00358
Rubrivivax,0.47127,0.26493,0.2328,0.42819,0.14173,0.13457,0.09653,0.31834,0.56468,0.5933,1.03728,0.1751,0.36193,0.50318
Rubrobacter,0.03753,0.04504,0.08007,0.04049,0.07858,0.06002,0.04022,0.06093,0.0695,0.07787,0.04178,0.01647,0.0592,0.06558
Ruegeria,0.03336,0.02649,0.03262,0.05249,0.03789,0.01839,0.02815,0.03979,0.04344,0.0241,0.07145,0.10186,0.03351,0.05962
Rufibacter,0.00417,0.00397,0.00297,0.006,0.0014,0.00194,0.0,0.00497,0.00579,0.0,0.00121,0.00217,0.00447,0.00715
Ruficoccus,0.0,0.00795,0.0,0.00375,0.00561,0.00484,0.0,0.00497,0.0029,0.00556,0.00666,0.00217,0.01117,0.00596
Rugamonas,0.0417,0.03047,0.02817,0.05774,0.03929,0.03969,0.03218,0.02984,0.03765,0.05562,0.03875,0.03294,0.03798,0.04889
Rugosibacter,0.00417,0.01192,0.00593,0.01275,0.00702,0.00871,0.00402,0.00622,0.0,0.00371,0.01029,0.03121,0.02234,0.01192
Ruminiclostridium,0.0,0.00132,0.00148,0.0,0.0014,0.0,0.0,0.0,0.0029,0.0,0.0,0.00043,0.0,0.00238
Ruminococcus,0.00209,0.00265,0.00297,0.0015,0.00281,0.0029,0.00804,0.00124,0.0029,0.00371,0.00061,0.04551,0.00447,0.00119
Runella,0.00209,0.0053,0.00297,0.0075,0.0014,0.0029,0.0,0.00373,0.0029,0.00185,0.00787,0.00347,0.00112,0.00358
Ruthenibacterium,0.00209,0.00662,0.0,0.0015,0.00281,0.00097,0.02011,0.00124,0.0029,0.0,0.00182,0.00173,0.00447,0.00238
Saccharibacillus,0.00209,0.00265,0.00445,0.0045,0.0,0.00097,0.01609,0.00249,0.0029,0.00185,0.00242,0.00217,0.00112,0.00238
Saccharimonas,0.0,0.0,0.0,0.0015,0.0,0.0,0.0,0.0,0.0,0.0,0.0,0.00217,0.0,0.0
Saccharobesus,0.0,0.0,0.0,0.0,0.0014,0.0,0.0,0.0,0.0,0.0,0.00061,0.00043,0.00223,0.00238
Saccharomonospora,0.03962,0.03709,0.0519,0.05849,0.0856,0.11327,0.04424,0.06093,0.02317,0.0686,0.0551,0.03857,0.04021,0.05246
Saccharomyces,0.0,0.0,0.0,0.00225,0.0014,0.0,0.0,0.0,0.0,0.0,0.00061,0.00217,0.00335,0.00119
Saccharomycodes,0.0,0.0,0.0,0.00075,0.0,0.0,0.0,0.00124,0.0,0.0,0.0,0.00173,0.0,0.00119
Saccharophagus,0.0,0.0,0.00297,0.0015,0.0014,0.00097,0.00402,0.00124,0.0,0.00185,0.00363,0.00087,0.00447,0.00119
Saccharopolyspora,0.07507,0.08478,0.11566,0.11249,0.1712,0.26236,0.18098,0.13306,0.09266,0.10012,0.07206,0.05591,0.12288,0.08943
Saccharospirillum,0.00417,0.00397,0.00741,0.00375,0.00281,0.00194,0.0,0.00249,0.0029,0.00185,0.00182,0.00303,0.00894,0.00238
Saccharothrix,0.07298,0.05696,0.08749,0.07424,0.09963,0.13747,0.05631,0.08083,0.03185,0.04635,0.06237,0.05071,0.06256,0.04769
Sagittula,0.00626,0.02252,0.02521,0.02925,0.00982,0.01065,0.00804,0.01741,0.03475,0.02596,0.03633,0.05808,0.01117,0.02981
Salaquimonas,0.01043,0.01722,0.03262,0.009,0.01263,0.01936,0.00804,0.00373,0.00869,0.00185,0.00787,0.00563,0.00782,0.0155
Salarchaeum,0.00209,0.00397,0.00148,0.003,0.00281,0.0,0.0,0.00124,0.0029,0.0,0.00061,0.0,0.0,0.0
Salegentibacter,0.00209,0.00397,0.0,0.00525,0.0,0.0,0.0,0.0,0.0,0.0,0.00182,0.0052,0.0,0.00119
Salicibibacter,0.0,0.00397,0.00148,0.00075,0.0014,0.00097,0.0,0.00124,0.0,0.00185,0.00061,0.0,0.00447,0.00119
Salidesulfovibrio,0.0,0.00132,0.00741,0.0015,0.00561,0.00484,0.0,0.00124,0.0029,0.00371,0.00242,0.00303,0.00782,0.00238
Salimicrobium,0.00209,0.0,0.0,0.00075,0.0,0.0,0.0,0.00249,0.0,0.0,0.0,0.00043,0.0,0.0
Salinarchaeum,0.00209,0.0,0.00148,0.00225,0.0014,0.00097,0.00804,0.00124,0.0,0.00185,0.00061,0.00087,0.00335,0.00477
Salinibacter,0.01043,0.00265,0.00741,0.00375,0.00421,0.00678,0.00402,0.00746,0.0029,0.00742,0.00424,0.00477,0.00335,0.00596
Salinibacterium,0.01043,0.01192,0.02521,0.02475,0.02105,0.02711,0.02011,0.02487,0.03765,0.03708,0.01635,0.02254,0.02793,0.03577
Salinibaculum,0.0,0.0,0.0,0.00075,0.0,0.0,0.0,0.0,0.0,0.0,0.0,0.0,0.00223,0.0
Salinicoccus,0.0,0.0,0.0,0.0,0.0,0.0,0.0,0.0,0.0029,0.0,0.0,0.00087,0.0,0.0
Salinicola,0.03962,0.01722,0.02669,0.02925,0.00982,0.01646,0.01207,0.02487,0.02317,0.02966,0.01817,0.01214,0.04245,0.02385
Salinigranum,0.00209,0.00927,0.01335,0.0045,0.00281,0.00387,0.0,0.00622,0.01158,0.00371,0.00363,0.00303,0.00335,0.00238
Salinilacihabitans,0.00417,0.00132,0.00148,0.0015,0.0,0.00097,0.00402,0.0,0.0,0.00185,0.00182,0.0013,0.00335,0.0
Salinimicrobium,0.0,0.0,0.0,0.00075,0.0014,0.0,0.0,0.0,0.0,0.00185,0.0,0.0,0.0,0.00238
Salinimonas,0.00209,0.00397,0.00445,0.0015,0.0014,0.0,0.01207,0.00124,0.00579,0.0,0.00666,0.00173,0.01117,0.00358
Saliniradius,0.0,0.00265,0.00297,0.00375,0.0,0.0,0.0,0.0,0.0,0.00185,0.0,0.0,0.00782,0.00358
Salinirubellus,0.00209,0.00132,0.0,0.0015,0.0014,0.00194,0.0,0.00497,0.0,0.00371,0.00242,0.0,0.0,0.00119
Salinisphaera,0.02711,0.0053,0.00741,0.01725,0.01965,0.01646,0.01207,0.00746,0.00869,0.01112,0.00727,0.0052,0.01676,0.0155
Salinispira,0.0,0.00132,0.0,0.0,0.0,0.0,0.0,0.0,0.0029,0.0,0.00061,0.00087,0.00223,0.0
Salinispora,0.00834,0.00132,0.00593,0.00825,0.00982,0.00484,0.00804,0.00622,0.0029,0.00371,0.00363,0.0026,0.00894,0.00835
Salinivibrio,0.0,0.0053,0.0,0.003,0.0014,0.00097,0.00804,0.00373,0.00579,0.00371,0.00242,0.00043,0.00894,0.00596
Salinivirga,0.0,0.0,0.0,0.0,0.0014,0.00097,0.00402,0.00124,0.0029,0.0,0.00061,0.00087,0.0,0.00238
Salipaludibacillus,0.0,0.0,0.0,0.00075,0.0,0.0,0.0,0.00124,0.0,0.00185,0.0,0.0,0.0,0.00119
Salipiger,0.02919,0.04769,0.05042,0.0345,0.04771,0.03485,0.04022,0.03233,0.05792,0.01854,0.06419,0.09145,0.04021,0.05843
Salisediminibacterium,0.0,0.0,0.00148,0.00075,0.00281,0.00097,0.0,0.0,0.0,0.0,0.00061,0.00087,0.00112,0.00119
Salmonella,0.01251,0.05828,0.02224,0.13948,0.85037,0.03679,0.01609,0.29223,0.02027,0.07787,0.55103,0.05721,0.29491,0.64984
Samsavirus,0.0,0.0,0.0,0.0,0.0,0.0,0.0,0.0,0.0,0.0,0.0,0.00043,0.0,0.0
Sandaracinobacteroides,0.00834,0.0106,0.00297,0.01425,0.01684,0.01259,0.0,0.00995,0.02027,0.00742,0.00848,0.0078,0.0067,0.00954
Sandaracinus,0.10218,0.09272,0.07859,0.06374,0.05753,0.05712,0.04424,0.08083,0.11004,0.10568,0.04602,0.01214,0.06256,0.08823
Sanguibacter,0.03128,0.01457,0.02669,0.036,0.00982,0.03098,0.02011,0.02984,0.04923,0.04079,0.03694,0.03207,0.03463,0.01312
Sansavirus,0.0,0.0,0.0,0.0,0.0,0.0,0.0,0.0,0.0,0.0,0.0,0.00043,0.0,0.0
Sanyabayvirus,0.0,0.0,0.0,0.0,0.0,0.0,0.0,0.0,0.0,0.0,0.0,0.0,0.0,0.00119
Saprospira,0.00209,0.00132,0.0,0.00075,0.0,0.0,0.0,0.0,0.0029,0.00185,0.00061,0.00173,0.00112,0.00238
Sarcina,0.0,0.0,0.0,0.00075,0.0,0.0,0.0,0.0,0.0,0.0,0.0,0.00477,0.0,0.0
Sarumanvirus,0.0,0.0,0.0,0.00075,0.0,0.0,0.0,0.0,0.0,0.0,0.0,0.0,0.0,0.0
Scandinavium,0.0,0.00132,0.0,0.00075,0.0,0.00194,0.01207,0.0,0.0,0.0,0.0,0.00087,0.0,0.00119
Scardovia,0.0,0.0,0.0,0.00075,0.0,0.00097,0.0,0.0,0.0,0.0,0.00061,0.0,0.0,0.00119
Schaalia,0.01877,0.00795,0.01335,0.02025,0.03368,0.01259,0.02011,0.01119,0.02027,0.02596,0.01272,0.02601,0.01899,0.01669
Scheffersomyces,0.0,0.0,0.0,0.00075,0.0,0.0,0.0,0.0,0.0029,0.0,0.0,0.0,0.0,0.0
Schizosaccharomyces,0.0,0.00132,0.0,0.0,0.0014,0.00097,0.0,0.00124,0.00579,0.0,0.00061,0.0013,0.00112,0.0
Schleiferilactobacillus,0.0,0.0,0.0,0.0015,0.0014,0.00097,0.0,0.0,0.0029,0.0,0.0,0.00087,0.0,0.00119
Schneideria,0.0,0.0,0.0,0.0,0.0,0.00097,0.0,0.0,0.0,0.0,0.0,0.00043,0.0,0.0
Schnuerera,0.0,0.0,0.0,0.0,0.0,0.0,0.0,0.00124,0.0,0.0,0.0,0.0,0.0,0.0
Sebaldella,0.0,0.0,0.0,0.0,0.0,0.0,0.0,0.0,0.0,0.0,0.0,0.0,0.00112,0.0
Secundilactobacillus,0.0,0.0,0.0,0.0,0.0014,0.0,0.0,0.0,0.0,0.0,0.00061,0.0,0.00335,0.00119
Sedimentibacter,0.00209,0.00132,0.00148,0.0,0.0014,0.00194,0.00402,0.00124,0.0029,0.0,0.00182,0.0,0.0,0.00119
Sedimenticola,0.01668,0.00795,0.01186,0.01275,0.01263,0.00775,0.01207,0.00995,0.00869,0.00927,0.0109,0.00477,0.03575,0.00358
Sedimentisphaera,0.0,0.0,0.00148,0.0015,0.00421,0.0,0.0,0.0,0.0,0.0,0.0,0.00087,0.00223,0.00358
Sediminibacillus,0.0,0.0,0.0,0.0,0.0014,0.0,0.0,0.0,0.0,0.0,0.0,0.0,0.00112,0.0
Sediminibacterium,0.00209,0.00132,0.00445,0.0165,0.00561,0.00194,0.00402,0.00746,0.0,0.00556,0.01393,0.03294,0.00112,0.01192
Sediminicoccus,0.04588,0.04504,0.06821,0.06149,0.03929,0.04357,0.02815,0.04974,0.04344,0.03523,0.02543,0.09362,0.0391,0.0465
Sediminicola,0.0,0.0,0.0,0.0,0.0,0.0,0.0,0.00124,0.0,0.00185,0.00061,0.0026,0.0,0.0
Sediminispirochaeta,0.0,0.0,0.0,0.0,0.0,0.00097,0.00402,0.00124,0.0,0.00185,0.00061,0.0,0.00112,0.00238
Segatella,0.00209,0.00397,0.00593,0.00225,0.0014,0.0,0.0,0.00249,0.0029,0.00371,0.01998,0.47243,0.00112,0.00119
Segniliparus,0.00209,0.00265,0.00297,0.006,0.00421,0.01355,0.00402,0.00622,0.00579,0.00371,0.0,0.00173,0.00447,0.00596
Selenobaculum,0.0,0.0,0.0,0.0,0.0,0.0,0.0,0.0,0.0029,0.0,0.0,0.0,0.0,0.0
Selenomonas,0.02085,0.00795,0.01779,0.01275,0.01684,0.0029,0.01207,0.0087,0.01448,0.0241,0.01211,0.0065,0.01117,0.02385
Sellimonas,0.0,0.0,0.0,0.00075,0.0,0.0,0.0,0.0,0.0,0.0,0.0,0.00087,0.00112,0.0
Seodaemunguvirus,0.0,0.0,0.0,0.0,0.0,0.00097,0.0,0.0,0.0,0.0,0.0,0.0,0.0,0.0
Seonamhaeicola,0.0,0.0,0.0,0.0,0.0,0.0,0.0,0.0,0.0,0.00185,0.00061,0.00217,0.0,0.0
Serinicoccus,0.03545,0.03179,0.06228,0.05324,0.03929,0.05809,0.04826,0.07959,0.05792,0.07045,0.04723,0.07152,0.05585,0.02146
Serpentinimonas,0.05422,0.09537,0.04152,0.09899,0.06876,0.0455,0.02011,0.05223,0.10135,0.10383,0.14109,0.08495,0.07931,0.11447
Serratia,0.03962,0.08345,0.09342,0.09149,0.07016,0.09294,0.06033,0.08456,0.08977,0.09456,0.05692,0.04811,0.17426,0.0787
Shewanella,0.04796,0.04106,0.03707,0.04799,0.05473,0.06002,0.04826,0.03731,0.02317,0.06675,0.05086,0.04464,0.19996,0.10612
Shigella,0.0,0.0,0.0,0.0,0.0,0.03388,0.0,0.0,0.0,0.0,0.0,0.00433,0.0,0.0
Shimwellia,0.0,0.0,0.0,0.00225,0.0,0.00097,0.0,0.00249,0.0029,0.00185,0.00121,0.00043,0.00223,0.0
Shinella,0.16056,0.18147,0.20314,0.25872,0.18944,0.17814,0.09653,0.20269,0.19981,0.22619,0.19316,0.20978,0.19325,0.18839
Shouchella,0.0,0.00132,0.0,0.00225,0.0014,0.00097,0.00402,0.00373,0.0,0.00185,0.0,0.0,0.0,0.0
Siansivirga,0.0,0.0,0.0,0.0,0.0,0.0,0.0,0.00373,0.0,0.0,0.00061,0.0013,0.00112,0.0
Siccibacter,0.00626,0.00397,0.00148,0.009,0.00561,0.00194,0.0,0.00124,0.0029,0.00371,0.00242,0.00217,0.00447,0.00119
Sideroxyarcus,0.0417,0.0106,0.01483,0.027,0.1291,0.12489,0.10055,0.02611,0.02896,0.05191,0.01332,0.0156,0.10612,0.10374
Sideroxydans,0.03128,0.02649,0.02224,0.04574,0.21329,0.21299,0.17696,0.02238,0.05212,0.05377,0.03452,0.02731,0.1307,0.15262
Silicimonas,0.01251,0.00927,0.01483,0.02025,0.00982,0.01839,0.01207,0.01617,0.0029,0.00556,0.0218,0.03207,0.01117,0.01192
Silvanigrella,0.0,0.0,0.0,0.00075,0.0,0.0,0.0,0.0,0.0,0.0,0.0,0.0,0.00112,0.0
Silvimonas,0.00626,0.00397,0.00445,0.00525,0.00561,0.00194,0.01207,0.00622,0.0,0.00371,0.00363,0.00303,0.01117,0.00358
Simiaoa,0.0,0.00132,0.0,0.00075,0.0,0.00097,0.0,0.0,0.0,0.0,0.0,0.00043,0.0,0.0
Simiduia,0.00834,0.00132,0.00148,0.009,0.00281,0.00387,0.0,0.00249,0.00579,0.00742,0.00606,0.00217,0.01899,0.00477
Siminovitchia,0.0,0.0,0.00148,0.00075,0.0014,0.0,0.0,0.0,0.0029,0.0,0.00121,0.00087,0.00223,0.00119
Siminovitchvirus,0.0,0.0,0.0,0.0,0.0,0.0,0.0,0.0,0.0,0.0,0.0,0.0,0.00112,0.0
Simkania,0.0,0.00132,0.0,0.0,0.0,0.0,0.0,0.0,0.0029,0.0,0.0,0.0,0.00112,0.0
Simonsiella,0.0,0.00132,0.0,0.00225,0.0,0.0,0.00804,0.0,0.0,0.00185,0.00121,0.00043,0.00447,0.00238
Simplexvirus,0.00209,0.0,0.0,0.0,0.0,0.0,0.0,0.00124,0.0,0.0,0.0,0.0,0.0,0.0
Simplicispira,0.04379,0.07285,0.01335,0.04649,0.03227,0.02904,0.00402,0.01244,0.03765,0.0445,0.07206,0.05981,0.02234,0.0632
Singulisphaera,0.0146,0.03709,0.02966,0.02175,0.03227,0.03873,0.02011,0.02984,0.01158,0.01854,0.01272,0.0065,0.03798,0.04531
Sinimarinibacterium,0.00626,0.00662,0.01038,0.00975,0.00561,0.00775,0.0,0.00995,0.00579,0.01483,0.00424,0.00433,0.0134,0.01669
Sinomicrobium,0.0,0.00132,0.00297,0.00075,0.0014,0.0,0.0,0.00124,0.0,0.00185,0.00061,0.0013,0.00223,0.0
Sinomonas,0.01251,0.01192,0.02224,0.018,0.00982,0.02227,0.01609,0.0199,0.01737,0.01669,0.02907,0.02731,0.01787,0.02027
Sinorhizobium,0.41288,0.36427,0.40925,0.32696,0.43781,0.39403,0.34588,0.36062,0.33012,0.21878,0.2192,0.21238,0.30943,0.35652
Skermanella,0.07507,0.07418,0.08897,0.08174,0.09261,0.08713,0.05631,0.06466,0.08398,0.11495,0.05631,0.03684,0.08601,0.09062
Skermania,0.00417,0.0053,0.00593,0.009,0.01403,0.01839,0.0,0.0087,0.0,0.01112,0.00606,0.02167,0.01676,0.00715
Skogvirus,0.0,0.0,0.0,0.0,0.0,0.0,0.0,0.00124,0.0,0.0,0.00061,0.0,0.0,0.0
Slackia,0.00209,0.00265,0.00297,0.0015,0.0014,0.0029,0.0,0.00124,0.0029,0.00185,0.00242,0.00043,0.0067,0.00835
Smoothievirus,0.0,0.0,0.0,0.0,0.0,0.00097,0.0,0.0,0.0,0.0,0.0,0.0,0.0,0.0
Sneathia,0.0,0.0,0.0,0.0,0.0,0.0,0.0,0.0,0.0,0.0,0.0,0.00043,0.0,0.0
Sneathiella,0.00209,0.00397,0.00445,0.006,0.00281,0.00194,0.00402,0.00497,0.00869,0.00742,0.00363,0.00217,0.00447,0.00477
Snodgrassella,0.00417,0.00265,0.0,0.00075,0.00281,0.00194,0.00402,0.00124,0.0,0.0,0.00061,0.00173,0.01005,0.00119
Sodaliphilus,0.0,0.00132,0.00445,0.00075,0.0014,0.00097,0.0,0.00124,0.0029,0.00185,0.00182,0.0013,0.0,0.0
Sodalis,0.00417,0.00795,0.00741,0.006,0.00421,0.01162,0.0,0.00746,0.00579,0.00927,0.00666,0.00347,0.01229,0.01312
Solibacillus,0.0,0.00132,0.0,0.0,0.0,0.0,0.0,0.0,0.0,0.0,0.0,0.00043,0.00112,0.0
Solibaculum,0.00209,0.0,0.0,0.00075,0.0014,0.00097,0.0,0.0,0.0,0.00185,0.0,0.00087,0.00112,0.00119
Solicola,0.01877,0.01325,0.01631,0.0105,0.01544,0.02227,0.00804,0.01492,0.00869,0.00927,0.00787,0.0156,0.01229,0.01073
Solidesulfovibrio,0.01877,0.01325,0.01335,0.00825,0.02105,0.01355,0.02413,0.0087,0.02896,0.01669,0.01635,0.01734,0.02346,0.02265
Solimonas,0.02919,0.01325,0.02521,0.03225,0.01824,0.03485,0.00804,0.01617,0.04923,0.02225,0.01938,0.01344,0.01564,0.02504
Solitalea,0.0,0.0,0.00148,0.0075,0.0,0.00194,0.00402,0.00124,0.0,0.0,0.00242,0.00303,0.0,0.00477
Solwaraspora,0.02502,0.03444,0.06079,0.0345,0.05192,0.10359,0.04022,0.0572,0.03765,0.02966,0.05329,0.0234,0.04133,0.03816
Sorangium,0.32321,0.22784,0.26097,0.21672,0.2175,0.20815,0.12468,0.28352,0.28089,0.29479,0.14836,0.07412,0.19325,0.21939
Sparkyvirus,0.0,0.00132,0.0,0.0,0.0,0.0,0.0,0.0,0.0,0.0,0.0,0.0,0.0,0.0
Spartinivicinus,0.00209,0.00132,0.0,0.00225,0.0,0.0,0.0,0.0,0.0,0.0,0.00121,0.0,0.00112,0.00358
Sphaerisporangium,0.0,0.0,0.0,0.00225,0.00421,0.0029,0.0,0.00124,0.0,0.0,0.00061,0.0,0.00112,0.00119
Sphaerobacter,0.00834,0.01325,0.01483,0.0105,0.00842,0.01646,0.00804,0.01741,0.02606,0.01483,0.00787,0.00433,0.01787,0.01312
Sphaerochaeta,0.00626,0.00397,0.00148,0.006,0.00702,0.00484,0.00804,0.00249,0.0,0.00742,0.00121,0.00087,0.00559,0.00358
Sphaerospermopsis,0.0,0.00132,0.00148,0.00075,0.0,0.0,0.0,0.00124,0.0,0.0,0.00061,0.0,0.00112,0.0
Sphaerotilus,0.24397,0.59078,0.23725,0.7469,0.33678,0.15103,0.07642,0.44891,0.67472,0.7305,2.09817,1.65829,0.53619,0.54968
Sphingobacterium,0.00417,0.02782,0.01779,0.03375,0.01263,0.01646,0.00402,0.01368,0.01448,0.01483,0.02846,0.02557,0.00894,0.02623
Sphingobium,0.27734,0.35103,0.36329,0.7469,0.36485,0.27688,0.28555,0.31958,0.36487,0.31333,0.35848,0.6237,0.24017,0.42448
Sphingomicrobium,0.00209,0.01854,0.01186,0.02325,0.00702,0.01646,0.00804,0.01244,0.00869,0.00556,0.01332,0.0169,0.01452,0.01073
Sphingomonas,0.79448,0.92326,0.90896,1.53055,0.85598,0.76095,0.66361,0.97989,1.12067,0.89551,0.88044,1.09223,0.62221,0.98966
Sphingopyxis,0.17725,0.22519,0.23725,0.42069,0.22031,0.17426,0.0925,0.19523,0.23456,0.22434,0.25069,0.4486,0.18097,0.26947
Sphingorhabdus,0.0146,0.01854,0.03559,0.05174,0.02947,0.01259,0.01207,0.01119,0.02317,0.00742,0.02362,0.03077,0.01452,0.03458
Sphingosinicella,0.08132,0.05961,0.05486,0.06599,0.05894,0.04066,0.02815,0.05223,0.04054,0.05377,0.04723,0.03814,0.03575,0.06558
Sphingosinithalassobacter,0.00834,0.0106,0.02521,0.03899,0.02526,0.01549,0.00402,0.01865,0.0029,0.00742,0.02301,0.03207,0.01117,0.02742
Spiractinospora,0.0146,0.0106,0.01186,0.01875,0.02526,0.0455,0.01609,0.02238,0.0029,0.01298,0.00666,0.00563,0.02346,0.01431
Spiribacter,0.05005,0.03312,0.03114,0.04574,0.04771,0.03485,0.00804,0.03731,0.04344,0.05191,0.02483,0.01517,0.02681,0.03458
Spirochaeta,0.00209,0.0106,0.00445,0.00225,0.00702,0.00484,0.00804,0.00249,0.0029,0.00927,0.00424,0.00043,0.00223,0.00119
Spiroplasma,0.0,0.00397,0.00297,0.00075,0.0,0.0029,0.0,0.0,0.0,0.0,0.00121,0.00477,0.00335,0.0
Spirosoma,0.02711,0.02119,0.01928,0.03225,0.01403,0.01355,0.01609,0.02611,0.00579,0.01669,0.02604,0.0143,0.0134,0.04531
Spongiactinospora,0.00626,0.0,0.00148,0.006,0.00702,0.01452,0.00804,0.00622,0.0029,0.0,0.00061,0.00433,0.01005,0.00358
Spongiibacter,0.00626,0.00397,0.01038,0.00675,0.00702,0.00678,0.00402,0.00373,0.00869,0.01483,0.00545,0.00347,0.02011,0.00715
Sporisorium,0.0,0.0,0.00148,0.00075,0.0014,0.00194,0.0,0.00373,0.0,0.00185,0.00121,0.00043,0.00112,0.00358
Sporolactobacillus,0.0,0.0,0.00297,0.0,0.0,0.0,0.00402,0.0,0.0029,0.0,0.00121,0.0,0.0,0.0
Sporomusa,0.0,0.00662,0.00297,0.00075,0.00281,0.00484,0.00402,0.00124,0.0029,0.0,0.00121,0.00087,0.00447,0.0
Sporosarcina,0.0,0.00132,0.00148,0.00375,0.00281,0.0029,0.0,0.00124,0.0029,0.00371,0.00242,0.00217,0.0067,0.00477
Stackebrandtia,0.02085,0.00662,0.01631,0.009,0.01824,0.02227,0.00804,0.01119,0.01448,0.01112,0.01029,0.01127,0.01229,0.00596
Stakelama,0.01043,0.00927,0.00741,0.015,0.00702,0.00484,0.00402,0.00746,0.0029,0.01669,0.00424,0.0052,0.01005,0.01431
Stanieria,0.00209,0.00132,0.00148,0.00075,0.0,0.0,0.0,0.0,0.0,0.0,0.00061,0.0013,0.0,0.00119
Staphylococcus,0.00834,0.00795,0.0,0.0165,0.01123,0.00678,0.00402,0.00249,0.0029,0.01112,0.01756,0.00824,0.00782,0.00477
Staphylospora,0.00209,0.00265,0.00297,0.0,0.00281,0.0,0.0,0.00622,0.0,0.00371,0.00242,0.00087,0.00447,0.0
Stappia,0.0563,0.06756,0.08452,0.05849,0.06595,0.0639,0.04022,0.07337,0.02606,0.05006,0.03149,0.02904,0.05585,0.05604
Starkeya,0.08967,0.08743,0.086,0.05024,0.0884,0.06777,0.02413,0.08332,0.04923,0.08529,0.03997,0.02774,0.05362,0.06677
Steffania,0.0,0.0,0.0,0.0,0.0014,0.0,0.0,0.0,0.0,0.0,0.0,0.00043,0.00335,0.0
Stella,0.06464,0.05563,0.04893,0.05024,0.05332,0.03582,0.01207,0.04477,0.02896,0.04264,0.03028,0.01907,0.05697,0.05962
Stenotrophomonas,0.1981,0.81729,0.18387,0.29021,0.21329,0.16265,0.18098,0.18901,0.28668,0.20951,0.28097,0.16383,0.21895,0.27782
Steroidobacter,0.11469,0.05961,0.04893,0.08324,0.07718,0.06583,0.01609,0.07337,0.10714,0.0686,0.04481,0.01214,0.04692,0.05246
Sterolibacterium,0.01877,0.01987,0.01631,0.04049,0.02386,0.03485,0.01207,0.02611,0.05792,0.03152,0.03149,0.02514,0.04357,0.03696
Stieleria,0.02085,0.01457,0.01631,0.0105,0.01263,0.00871,0.00402,0.01119,0.01737,0.01669,0.00787,0.00217,0.01117,0.00954
Stigmatella,0.03128,0.02252,0.01779,0.01425,0.02386,0.00871,0.00402,0.03233,0.03185,0.0445,0.02846,0.0078,0.03686,0.02504
Stomatobaculum,0.0,0.0,0.00148,0.0,0.0,0.0,0.0,0.0,0.0,0.0,0.0,0.00087,0.0,0.00238
Stormageddonvirus,0.0,0.0,0.0,0.0,0.0,0.0,0.0,0.0,0.0,0.0,0.00061,0.0,0.0,0.0
Stratiformator,0.01668,0.0053,0.01186,0.0015,0.00561,0.00387,0.0,0.00497,0.0029,0.00371,0.00242,0.00043,0.00112,0.01192
Streptacidiphilus,0.05422,0.03576,0.03559,0.04874,0.09121,0.14135,0.04826,0.04477,0.02606,0.03523,0.03694,0.02297,0.05585,0.04054
Streptantibioticus,0.01251,0.00397,0.02669,0.02325,0.02386,0.03001,0.00804,0.00995,0.01158,0.00556,0.01393,0.0078,0.01452,0.0155
Streptobacillus,0.0,0.0,0.0,0.0,0.0,0.0,0.0,0.0,0.0,0.00185,0.0,0.00043,0.0,0.0
Streptococcus,0.0,0.02119,0.00741,0.0105,0.00702,0.00968,0.01609,0.00497,0.00869,0.0,0.00908,0.15647,0.03351,0.0155
Streptomonospora,0.04379,0.02782,0.02521,0.033,0.09823,0.13167,0.02413,0.03357,0.03765,0.03894,0.01514,0.03077,0.05585,0.01789
Streptomyces,2.92768,2.56977,4.27195,3.41955,4.35429,6.73043,2.6464,3.69698,3.46046,2.81815,2.78969,2.8047,3.63159,2.50516
Streptosporangium,0.09592,0.07683,0.086,0.07574,0.15716,0.23235,0.08446,0.11067,0.0695,0.05562,0.04118,0.03294,0.0916,0.04889
Stutzerimonas,0.08967,0.08478,0.1038,0.10799,0.07297,0.07164,0.05228,0.10072,0.10714,0.09641,0.08296,0.05765,0.1508,0.11804
Stygiolobus,0.0,0.0,0.0,0.0,0.0,0.00097,0.0,0.0,0.0,0.0,0.0,0.0,0.0,0.0
Subdoligranulum,0.00209,0.00132,0.0,0.00075,0.00281,0.0,0.0,0.00124,0.00579,0.00556,0.00303,0.00347,0.00112,0.0
Subtercola,0.00834,0.0106,0.01483,0.00975,0.00561,0.01259,0.00804,0.0087,0.01737,0.01112,0.00848,0.01127,0.00335,0.00715
Succinivibrio,0.00209,0.0,0.0,0.00075,0.0,0.00097,0.0,0.0,0.0,0.0,0.00061,0.0,0.0,0.00238
Sugiyamaella,0.0,0.0,0.0,0.0,0.0,0.0,0.0,0.00124,0.0,0.0,0.0,0.00043,0.0,0.0
Sukkupivirus,0.0,0.0,0.0,0.0,0.0,0.0,0.0,0.0,0.0,0.0,0.00121,0.0,0.0,0.0
Sulfidibacter,0.00626,0.00795,0.00445,0.009,0.00281,0.00871,0.01207,0.01119,0.0029,0.01669,0.00484,0.0026,0.00559,0.01192
Sulfitobacter,0.07715,0.07285,0.09193,0.09974,0.09402,0.10165,0.02815,0.07088,0.07239,0.10753,0.16531,0.27002,0.08378,0.14428
Sulfuracidifex,0.0,0.00132,0.0,0.0,0.0,0.0,0.0,0.0,0.0,0.0,0.0,0.0,0.0,0.0
Sulfuricaulis,0.0417,0.01722,0.02076,0.033,0.02666,0.0213,0.02011,0.02611,0.03765,0.04821,0.02119,0.0091,0.03016,0.03935
Sulfuricella,0.00834,0.01192,0.0089,0.01575,0.01544,0.01452,0.01609,0.0087,0.01158,0.04079,0.01151,0.0091,0.03798,0.02742
Sulfuricurvum,0.00417,0.0,0.0,0.00075,0.0,0.0,0.0,0.00124,0.0029,0.0,0.00303,0.00043,0.01117,0.00119
Sulfuricystis,0.05422,0.04769,0.04152,0.08399,0.04631,0.05712,0.05631,0.06964,0.139,0.08714,0.06176,0.07672,0.10389,0.06439
Sulfuriferula,0.02502,0.02252,0.00741,0.04499,0.03087,0.04744,0.02815,0.02114,0.02317,0.03894,0.02604,0.02731,0.05474,0.03339
Sulfuriflexus,0.00209,0.00132,0.00445,0.00375,0.00702,0.00194,0.00804,0.00249,0.00579,0.00371,0.00424,0.0026,0.01005,0.00715
Sulfurifustis,0.04796,0.03047,0.05486,0.03824,0.02666,0.02904,0.03218,0.03233,0.05212,0.04821,0.02604,0.0156,0.04245,0.0465
Sulfurihydrogenibium,0.0,0.0,0.0,0.0,0.0,0.0,0.0,0.0,0.0,0.0,0.0,0.00043,0.00112,0.00119
Sulfurimicrobium,0.02711,0.01325,0.02372,0.03824,0.03508,0.03582,0.02413,0.02114,0.04923,0.05933,0.01635,0.03641,0.06032,0.03339
Sulfurimonas,0.00417,0.00265,0.00297,0.00075,0.0,0.00194,0.0,0.00124,0.0,0.00556,0.00061,0.00303,0.00335,0.00119
Sulfuriroseicoccus,0.00834,0.00265,0.00297,0.00375,0.0014,0.0,0.0,0.00249,0.0029,0.00185,0.00182,0.0,0.0067,0.00477
Sulfurisphaera,0.0,0.0,0.0,0.00075,0.0,0.0,0.0,0.0,0.0,0.0,0.0,0.0,0.0,0.0
Sulfuritalea,0.0709,0.03841,0.04745,0.07049,0.03368,0.04163,0.04424,0.06218,0.19981,0.14276,0.06419,0.08105,0.08378,0.06439
Sulfuritortus,0.05213,0.03444,0.02521,0.03899,0.03929,0.05034,0.02011,0.03109,0.04923,0.07972,0.03391,0.02254,0.07038,0.05127
Sulfurivermis,0.02502,0.0106,0.01928,0.01125,0.03648,0.0242,0.01609,0.02238,0.01737,0.01483,0.02059,0.01864,0.05474,0.0155
Sulfurospirillum,0.00417,0.0,0.00297,0.00225,0.0,0.0029,0.00402,0.0,0.0029,0.00556,0.00182,0.06545,0.00782,0.00238
Sulfurovum,0.0,0.0,0.0,0.0015,0.0014,0.00097,0.00402,0.00124,0.0,0.00185,0.00242,0.0,0.00223,0.00238
Sunxiuqinia,0.00209,0.0,0.0,0.00075,0.0,0.0,0.0,0.0,0.0,0.0,0.00061,0.0,0.0,0.0
Superficieibacter,0.0,0.00132,0.0,0.0,0.0014,0.00097,0.0,0.0,0.0029,0.00185,0.00121,0.00043,0.00447,0.00119
Sutcliffiella,0.00209,0.0,0.0,0.00075,0.0,0.0,0.0,0.0,0.0,0.0,0.00242,0.0,0.0,0.0
Sutterella,0.02711,0.01192,0.02224,0.0255,0.02105,0.01839,0.01609,0.02984,0.03185,0.02225,0.01695,0.0169,0.01229,0.02146
Suttonella,0.0,0.0,0.0,0.0015,0.0,0.0,0.0,0.00124,0.0,0.00371,0.0,0.00087,0.00447,0.00119
Swingsia,0.0,0.00132,0.0,0.00075,0.0,0.0,0.0,0.0,0.0,0.00185,0.0,0.00087,0.00112,0.0
Symbiobacter,0.01668,0.0159,0.01779,0.00975,0.00561,0.0029,0.00402,0.00995,0.00869,0.01112,0.01453,0.01994,0.01005,0.01431
Symbiobacterium,0.01668,0.0106,0.00445,0.00675,0.01123,0.01065,0.0,0.01368,0.01158,0.00927,0.00606,0.00303,0.0134,0.01431
Symbiopectobacterium,0.00417,0.0,0.00148,0.00225,0.0014,0.00097,0.0,0.00249,0.0,0.0,0.00061,0.00087,0.00223,0.00119
Symmachiella,0.01043,0.00132,0.01335,0.00525,0.00561,0.00387,0.0,0.00497,0.0029,0.01112,0.00363,0.0026,0.00223,0.00477
Synechococcus,0.06673,0.04239,0.07562,0.07274,0.0449,0.05906,0.05228,0.04974,0.05502,0.05933,0.05329,0.02774,0.0592,0.05723
Synechocystis,0.00209,0.00132,0.0,0.00225,0.0,0.00194,0.0,0.0,0.0029,0.0,0.00061,0.0,0.00447,0.00238
Syntrophobacter,0.01043,0.00397,0.0089,0.00825,0.00982,0.00775,0.01609,0.00995,0.01737,0.01854,0.00303,0.00607,0.01899,0.01789
Syntrophobotulus,0.0,0.00265,0.00148,0.0,0.0014,0.00097,0.0,0.0,0.0,0.0,0.0,0.0,0.0,0.00119
Syntrophocurvum,0.0,0.00132,0.0,0.00075,0.0,0.00097,0.0,0.0,0.0,0.0,0.0,0.0,0.00112,0.0
Syntrophomonas,0.0,0.0,0.00148,0.00075,0.0,0.0,0.0,0.0,0.0,0.00185,0.00061,0.0,0.00112,0.0
Syntrophotalea,0.00209,0.02119,0.00445,0.003,0.00702,0.00194,0.02413,0.00373,0.0029,0.00742,0.00727,0.00217,0.01229,0.00835
Syntrophothermus,0.0,0.0,0.00148,0.00075,0.0,0.0,0.00402,0.0,0.0,0.0,0.0,0.0,0.00112,0.00119
Syntrophus,0.01043,0.00132,0.00148,0.00075,0.00702,0.00678,0.00804,0.00373,0.01448,0.01112,0.00182,0.00043,0.00782,0.00954
Tabrizicola,0.01043,0.01457,0.01335,0.0075,0.00982,0.00871,0.00804,0.01617,0.02317,0.01669,0.08296,0.40525,0.00782,0.02862
Tachikawaea,0.0,0.0,0.0,0.0,0.0,0.0,0.0,0.0,0.0,0.00371,0.0,0.0,0.0,0.0
Tahibacter,0.0146,0.00662,0.01186,0.015,0.01544,0.01162,0.00804,0.01865,0.02317,0.00185,0.01272,0.00303,0.00894,0.00477
Talaromyces,0.00209,0.00397,0.0,0.00075,0.0014,0.00387,0.0,0.0,0.0,0.0,0.00242,0.00043,0.00112,0.00119
Tamlana,0.0,0.0,0.0,0.003,0.0,0.0,0.0,0.0,0.0,0.0,0.00061,0.00173,0.0,0.0
Tannerella,0.00209,0.0,0.00148,0.00525,0.0014,0.0,0.0,0.0,0.0,0.00371,0.00363,0.0013,0.00112,0.00358
Tannockella,0.0,0.0,0.0,0.00075,0.0,0.0,0.0,0.0,0.0,0.0,0.0,0.0,0.0,0.0
Tardibacter,0.02294,0.0159,0.00297,0.018,0.02526,0.00871,0.0,0.0199,0.00579,0.02225,0.00908,0.00954,0.01005,0.01431
Tardiphaga,0.3253,0.31129,0.31287,0.17398,0.3003,0.2643,0.16088,0.2686,0.139,0.14647,0.09446,0.03814,0.19325,0.24801
Tateyamaria,0.00417,0.00397,0.00593,0.003,0.00561,0.00387,0.00402,0.00497,0.0,0.00556,0.00908,0.01084,0.00112,0.00954
Tatumella,0.00417,0.00132,0.0,0.0015,0.00281,0.00097,0.0,0.00249,0.0029,0.00371,0.00182,0.00173,0.00447,0.00954
Tautonia,0.08341,0.05299,0.04745,0.02925,0.0449,0.03485,0.04826,0.0572,0.03765,0.0445,0.02785,0.01127,0.0592,0.06796
Taylorella,0.00209,0.00265,0.0,0.0,0.0,0.0029,0.0,0.0,0.0,0.0,0.00121,0.00087,0.07596,0.00238
Telluria,0.01877,0.03179,0.02817,0.033,0.01123,0.02904,0.01207,0.03731,0.05502,0.03523,0.03452,0.02687,0.01787,0.04173
Tellurirhabdus,0.00834,0.0,0.00148,0.0105,0.00561,0.00484,0.0,0.00373,0.0,0.00556,0.00242,0.00217,0.00335,0.00596
Telmatocola,0.01877,0.01192,0.01483,0.009,0.00421,0.01065,0.00804,0.00373,0.01158,0.00556,0.00666,0.00043,0.00894,0.01073
Temperatibacter,0.0,0.00132,0.00148,0.0015,0.0,0.0,0.0,0.00124,0.0,0.0,0.00061,0.0,0.0,0.00119
Tenacibaculum,0.00209,0.00265,0.00445,0.00525,0.0014,0.00097,0.0,0.00249,0.00869,0.00185,0.00545,0.0156,0.00335,0.00835
Tenuifilum,0.0,0.0,0.0,0.00075,0.0,0.00097,0.00402,0.0,0.0,0.0,0.00121,0.00043,0.00112,0.00119
Tepidanaerobacter,0.0,0.0,0.0,0.0,0.0,0.0,0.0,0.0,0.0,0.0,0.0,0.0,0.00112,0.0
Tepidibacter,0.0,0.0,0.0,0.0,0.0014,0.0,0.0,0.0,0.0,0.0,0.0,0.00043,0.0,0.0
Tepidiforma,0.0146,0.01325,0.03114,0.02325,0.02526,0.01743,0.00804,0.03109,0.04633,0.02781,0.01877,0.00563,0.03016,0.03577
Tepidimonas,0.05422,0.03974,0.03855,0.06149,0.03087,0.05131,0.00402,0.03606,0.13321,0.07972,0.08477,0.03467,0.07261,0.05604
Tepiditoga,0.0,0.0,0.00297,0.0,0.0,0.0,0.0,0.00124,0.0,0.0,0.00061,0.0,0.00112,0.0
Terasakiella,0.00209,0.00265,0.00148,0.00225,0.0014,0.00194,0.0,0.00124,0.0,0.0,0.00182,0.0013,0.00223,0.00596
Teredinibacter,0.00209,0.00132,0.00297,0.00525,0.00281,0.00387,0.0,0.0,0.00579,0.00927,0.00424,0.00217,0.02011,0.00238
Terribacillus,0.0,0.0,0.0,0.00075,0.0,0.0,0.0,0.0,0.0,0.0,0.00061,0.0,0.0,0.0
Terricaulis,0.06047,0.02914,0.05338,0.05399,0.02105,0.01839,0.01609,0.02984,0.01737,0.02966,0.02664,0.00737,0.01564,0.02265
Terriglobus,0.04379,0.04504,0.03855,0.03225,0.06876,0.07648,0.02815,0.07212,0.01448,0.02781,0.01938,0.0052,0.05809,0.0787
Terrihabitans,0.03128,0.02119,0.03559,0.021,0.04631,0.03098,0.02413,0.03482,0.02027,0.01112,0.01695,0.00824,0.04468,0.02742
Terrisporobacter,0.0,0.00132,0.0,0.00075,0.0,0.00097,0.0,0.0,0.0029,0.0,0.0,0.00043,0.0,0.00119
Tessaracoccus,0.06464,0.05431,0.07117,0.08174,0.07858,0.08132,0.03218,0.08332,0.08687,0.08158,0.05995,0.1751,0.05474,0.06439
Tetragenococcus,0.00209,0.00132,0.0,0.00075,0.0,0.00097,0.00804,0.00124,0.0,0.00371,0.00182,0.00087,0.00112,0.00119
Tetrapisispora,0.0,0.0,0.0,0.0,0.0014,0.0,0.0,0.00373,0.0,0.0,0.00182,0.00217,0.0,0.0
Tetrasphaera,0.01877,0.0159,0.03114,0.01275,0.01965,0.01936,0.02011,0.03233,0.03185,0.05933,0.02422,0.05981,0.04803,0.01312
Thalassiosira,0.0146,0.02914,0.00593,0.0075,0.01123,0.00194,0.0,0.0087,0.00579,0.00742,0.01695,0.0078,0.00112,0.03935
Thalassobacter,0.00626,0.00132,0.0,0.00375,0.0014,0.0,0.0,0.00373,0.0,0.00556,0.00424,0.00563,0.00112,0.00119
Thalassobaculum,0.02085,0.0159,0.02817,0.03075,0.03508,0.02324,0.00804,0.02363,0.02317,0.02225,0.01998,0.01647,0.01899,0.03577
Thalassococcus,0.00626,0.0,0.00741,0.00375,0.00421,0.00484,0.0,0.00373,0.00869,0.00742,0.01029,0.01387,0.00223,0.00477
Thalassoglobus,0.00417,0.00132,0.0,0.0015,0.00281,0.00194,0.0,0.00124,0.0029,0.0,0.00182,0.0,0.00335,0.00119
Thalassolituus,0.00626,0.00265,0.0,0.0075,0.00421,0.00387,0.00402,0.0,0.0,0.00556,0.00606,0.00347,0.01564,0.00835
Thalassomonas,0.00417,0.00265,0.00148,0.0015,0.00281,0.0,0.0,0.00124,0.00579,0.00556,0.00182,0.00433,0.01899,0.00358
Thalassospira,0.00834,0.01192,0.03855,0.02025,0.02105,0.01646,0.04022,0.01617,0.02027,0.00927,0.01695,0.01084,0.02793,0.02146
Thalassotalea,0.00417,0.0053,0.00148,0.0015,0.0,0.00194,0.01207,0.00124,0.0029,0.00742,0.00545,0.00433,0.02011,0.00238
Thalassovita,0.00417,0.01325,0.01186,0.02475,0.01824,0.01259,0.01207,0.00497,0.03185,0.01112,0.0327,0.05114,0.0067,0.02742
Thauera,0.24606,0.17353,0.19721,0.30146,0.15155,0.15006,0.20512,0.28104,0.52414,0.40604,0.2955,0.36364,0.28597,0.29094
Thaumasiovibrio,0.00209,0.00132,0.0,0.0,0.0014,0.00097,0.00402,0.00249,0.0,0.0,0.00121,0.00043,0.00447,0.00119
Theiavirus,0.0,0.0,0.0,0.0,0.0,0.0,0.0,0.0,0.0,0.0,0.0,0.00087,0.0,0.0
Theileria,0.0,0.0,0.0,0.00075,0.00281,0.00097,0.0,0.0,0.0,0.0,0.00061,0.00303,0.0,0.00238
Thermacetogenium,0.0,0.00265,0.0,0.0,0.0014,0.00097,0.00402,0.0,0.0,0.00185,0.00061,0.0,0.00112,0.00358
Thermaerobacter,0.04379,0.02252,0.02076,0.01425,0.02105,0.02324,0.02011,0.02487,0.03185,0.02966,0.01635,0.0078,0.03016,0.04293
Thermanaeromonas,0.0,0.0,0.0,0.0,0.0014,0.0,0.0,0.0,0.0,0.0,0.00061,0.00043,0.0,0.00119
Thermanaerosceptrum,0.0,0.0,0.0,0.0,0.0014,0.00097,0.0,0.00124,0.0,0.0,0.00061,0.0,0.0,0.00119
Thermanaerovibrio,0.0,0.00397,0.00148,0.0015,0.0014,0.0,0.0,0.00249,0.0,0.00742,0.00242,0.00347,0.00223,0.00358
Thermincola,0.00209,0.0,0.0,0.00075,0.0,0.0,0.0,0.00124,0.0,0.0,0.0,0.00043,0.0,0.00119
Thermoactinomyces,0.0,0.00132,0.00148,0.0,0.0,0.0,0.0,0.0,0.0,0.00185,0.00061,0.00043,0.00112,0.00477
Thermoanaerobacter,0.0,0.0,0.00593,0.0,0.0,0.0,0.0,0.0,0.0029,0.0,0.0,0.00043,0.0,0.0
Thermoanaerobacterium,0.0,0.0,0.0,0.0,0.0014,0.00194,0.01207,0.00124,0.0,0.0,0.00061,0.00173,0.0,0.0
Thermobacillus,0.00417,0.00265,0.00593,0.0075,0.00421,0.00581,0.0,0.00497,0.00579,0.00927,0.00242,0.0013,0.0067,0.00715
Thermobaculum,0.00209,0.00132,0.00297,0.0,0.00561,0.0,0.0,0.00124,0.0,0.00185,0.0,0.0,0.00112,0.0
Thermobifida,0.02919,0.03709,0.05042,0.05024,0.09963,0.15781,0.04826,0.06093,0.03475,0.03523,0.02362,0.02904,0.0525,0.02742
Thermobispora,0.0417,0.04371,0.01631,0.033,0.07578,0.16458,0.04424,0.06218,0.03185,0.03708,0.0218,0.02384,0.06367,0.02862
Thermocaproicibacter,0.0,0.0,0.0,0.00225,0.0,0.0,0.0,0.0,0.0,0.0,0.0,0.00043,0.00112,0.0
Thermochromatium,0.00626,0.00265,0.00445,0.0165,0.01123,0.01259,0.0,0.0087,0.01737,0.01854,0.00727,0.0065,0.02122,0.00835
Thermoclostridium,0.0,0.0,0.0,0.0,0.0014,0.0,0.0,0.00249,0.0,0.0,0.0,0.00043,0.0,0.0
Thermococcus,0.00417,0.00132,0.00148,0.00225,0.00281,0.00194,0.00402,0.00124,0.0029,0.00556,0.00121,0.00217,0.00559,0.00715
Thermocoleostomius,0.0,0.0,0.00148,0.0015,0.00421,0.00097,0.0,0.0,0.0,0.0,0.00061,0.0,0.00112,0.00119
Thermocrinis,0.0,0.0,0.0,0.0,0.0014,0.00194,0.0,0.0,0.0,0.0,0.0,0.0,0.0,0.0
Thermodesulfatator,0.0,0.0,0.0,0.00075,0.0014,0.00097,0.0,0.0,0.0029,0.00371,0.00061,0.0,0.00112,0.00119
Thermodesulfobacterium,0.0,0.00132,0.00148,0.00075,0.0,0.0,0.0,0.0,0.0,0.00185,0.00242,0.0,0.00223,0.00238
Thermodesulfobium,0.00209,0.00265,0.00148,0.00075,0.0,0.0,0.00402,0.00124,0.0,0.0,0.0,0.0,0.0,0.0
Thermodesulfomicrobium,0.00209,0.0053,0.00148,0.003,0.0014,0.0029,0.00402,0.00124,0.0029,0.00185,0.00121,0.0013,0.01117,0.00238
Thermodesulfovibrio,0.0,0.0,0.0,0.0015,0.0014,0.0,0.0,0.0,0.0,0.00371,0.0,0.0,0.00223,0.0
Thermofilum,0.0,0.00265,0.0,0.0,0.0,0.0,0.0,0.0,0.00579,0.0,0.00121,0.00043,0.0,0.0
Thermoflavifilum,0.00209,0.00265,0.00445,0.00225,0.00281,0.00968,0.0,0.00373,0.0029,0.00371,0.00484,0.0026,0.00112,0.00596
Thermoflexus,0.01668,0.01192,0.01038,0.00675,0.01123,0.00678,0.00402,0.00497,0.0029,0.00927,0.00727,0.00217,0.00447,0.01431
Thermogladius,0.0,0.0,0.0,0.00075,0.0014,0.0,0.0,0.00124,0.0,0.0,0.0,0.0,0.0,0.0
Thermogutta,0.0,0.00265,0.00445,0.00225,0.0014,0.00678,0.0,0.00622,0.00869,0.00185,0.00121,0.00043,0.00223,0.00358
Thermoleophilum,0.02919,0.02384,0.05783,0.021,0.02666,0.03098,0.01609,0.02363,0.01448,0.0241,0.01574,0.00433,0.01899,0.01669
Thermoleptolyngbya,0.0,0.0106,0.00148,0.003,0.0,0.00097,0.0,0.0,0.0,0.00185,0.00848,0.0013,0.01117,0.0
Thermomicrobium,0.0,0.00265,0.00297,0.003,0.0014,0.00678,0.0,0.00373,0.0,0.0,0.00061,0.00173,0.00447,0.00238
Thermomonas,0.04588,0.04239,0.05042,0.07349,0.03929,0.04841,0.0362,0.04974,0.08108,0.0445,0.05874,0.05071,0.05139,0.04293
Thermomonospora,0.11052,0.10862,0.13197,0.10724,0.29047,0.42017,0.14479,0.12808,0.03185,0.05748,0.04905,0.04594,0.10724,0.06558
Thermophilibacter,0.00209,0.0053,0.00445,0.0,0.00281,0.0,0.0,0.0,0.0,0.0,0.00182,0.00563,0.00223,0.00477
Thermoplasma,0.0,0.0,0.0,0.0,0.0,0.0,0.00402,0.0,0.0,0.0,0.0,0.0,0.0,0.0
Thermoproteus,0.0,0.0,0.0,0.0,0.0,0.0,0.00402,0.0,0.0,0.0,0.00182,0.00043,0.0,0.0
Thermosediminibacter,0.00209,0.0,0.0,0.0,0.0,0.00097,0.0,0.00249,0.00869,0.0,0.00242,0.0,0.00335,0.00238
Thermosipho,0.00209,0.0,0.0,0.0,0.0,0.0,0.0,0.0,0.0,0.0,0.0,0.0,0.0,0.0
Thermosphaera,0.0,0.0,0.0,0.0,0.0014,0.0,0.0,0.0,0.0,0.0,0.0,0.0,0.0,0.0
Thermospira,0.0,0.0,0.00148,0.0,0.0,0.00097,0.0,0.00124,0.0,0.00185,0.0,0.0,0.0,0.0
Thermostichus,0.00209,0.00132,0.0,0.00075,0.0,0.0,0.0,0.0,0.0,0.0,0.00182,0.0,0.0,0.00119
Thermosulfidibacter,0.0,0.0,0.0,0.00075,0.0,0.0,0.0,0.0,0.0029,0.0,0.00121,0.0,0.0,0.00119
Thermosulfurimonas,0.00417,0.00265,0.00148,0.00075,0.0,0.0029,0.0,0.00124,0.0029,0.0,0.0,0.00043,0.00223,0.0
Thermosulfuriphilus,0.00626,0.0,0.0,0.00225,0.00561,0.00097,0.00402,0.00373,0.00579,0.00185,0.0,0.0,0.00559,0.0
Thermosynechococcus,0.00834,0.00132,0.0,0.00375,0.00421,0.00194,0.0,0.00124,0.0,0.0,0.00182,0.00173,0.00223,0.00715
Thermothelomyces,0.00626,0.0,0.00148,0.0045,0.00281,0.00194,0.0,0.00373,0.0,0.00371,0.00182,0.00173,0.00223,0.00477
Thermothielavioides,0.00417,0.00132,0.00445,0.00225,0.01123,0.00678,0.0,0.00622,0.00579,0.00185,0.00606,0.00347,0.00223,0.0
Thermotoga,0.00626,0.00265,0.0,0.0,0.0014,0.0,0.00402,0.0,0.0,0.00185,0.0,0.0,0.0,0.00477
Thermotomaculum,0.00209,0.0,0.00445,0.0,0.0,0.00097,0.0,0.00249,0.0,0.0,0.00242,0.00043,0.0,0.00238
Thermovibrio,0.0,0.0,0.00148,0.0,0.0,0.0,0.00402,0.0,0.0,0.0,0.0,0.0,0.0,0.0
Thermovirga,0.0,0.0,0.0,0.0,0.0,0.0,0.0,0.00124,0.0,0.0,0.0,0.00043,0.0,0.0
Thermus,0.02085,0.01457,0.01779,0.01125,0.01403,0.02517,0.00402,0.01865,0.04054,0.01669,0.02119,0.00867,0.04021,0.02981
Thioalkalivibrio,0.0855,0.05563,0.06969,0.08849,0.07437,0.05712,0.04826,0.07212,0.139,0.11495,0.05329,0.03511,0.09495,0.08108
Thiobacillus,0.06673,0.04636,0.06079,0.09899,0.07016,0.06486,0.04826,0.06466,0.08398,0.09456,0.03815,0.04031,0.0983,0.06916
Thiocapsa,0.03545,0.02517,0.0341,0.02475,0.02807,0.0213,0.01609,0.01741,0.06371,0.02225,0.02119,0.0182,0.03016,0.03577
Thioclava,0.01043,0.02119,0.01631,0.021,0.02105,0.01162,0.00402,0.02238,0.02317,0.01854,0.0436,0.08755,0.02234,0.01669
Thiocystis,0.0146,0.0106,0.01483,0.02025,0.00842,0.01162,0.00804,0.00746,0.01158,0.00742,0.00545,0.00997,0.02904,0.01073
Thiodiazotropha,0.00626,0.00265,0.00297,0.00375,0.00281,0.00097,0.00804,0.0,0.01158,0.00927,0.00182,0.00347,0.0067,0.0
Thiodictyon,0.01877,0.02119,0.03855,0.02625,0.02386,0.01162,0.02413,0.01617,0.03475,0.0241,0.01453,0.0208,0.04357,0.0155
Thioflavicoccus,0.01877,0.01192,0.01779,0.018,0.01263,0.01646,0.00402,0.01368,0.0029,0.01112,0.01514,0.01084,0.02234,0.02027
Thiohalobacter,0.02919,0.02384,0.04152,0.04349,0.04911,0.03679,0.02011,0.03731,0.03765,0.04264,0.0333,0.0195,0.06032,0.031
Thiolapillus,0.00417,0.00265,0.00297,0.0015,0.00421,0.00194,0.0,0.00249,0.00869,0.00185,0.00363,0.00303,0.0067,0.00358
Thiomicrorhabdus,0.00834,0.00662,0.00297,0.0105,0.01123,0.00387,0.01207,0.00124,0.00579,0.01669,0.01211,0.00433,0.03351,0.01312
Thiomicrospira,0.00209,0.00662,0.0,0.009,0.0014,0.00581,0.01609,0.00124,0.0029,0.00371,0.00787,0.00217,0.02904,0.00358
Thiomonas,0.08132,0.0755,0.06673,0.10499,0.06455,0.06971,0.04826,0.07337,0.12162,0.07972,0.12353,0.06631,0.105,0.09181
Thiopseudomonas,0.0,0.00132,0.0,0.0015,0.0014,0.0,0.00402,0.0,0.0,0.0,0.00061,0.0,0.00447,0.00238
Thiospirochaeta,0.0,0.0,0.0,0.0,0.0014,0.0,0.0,0.0,0.0,0.0,0.00061,0.0,0.0,0.00119
Thiosulfatimonas,0.0,0.0,0.0,0.00075,0.0,0.0,0.00402,0.00124,0.0,0.0,0.0,0.0,0.00559,0.00238
Thiosulfativibrio,0.00417,0.0,0.0,0.00225,0.0,0.00097,0.0,0.0,0.0,0.0,0.00061,0.0013,0.0067,0.0
Thiothrix,0.01043,0.01854,0.00741,0.01425,0.00982,0.01452,0.01207,0.00995,0.03765,0.02225,0.02119,0.03814,0.09495,0.03577
Thomasclavelia,0.0,0.0,0.0,0.00075,0.0,0.00097,0.0,0.00124,0.0,0.00185,0.00303,0.00303,0.00112,0.0
Tichowtungia,0.0,0.00265,0.0,0.00375,0.00281,0.00194,0.0,0.00124,0.00579,0.0,0.00363,0.0,0.00112,0.00119
Tissierella,0.0,0.0,0.0,0.0,0.0,0.0,0.00402,0.0,0.0,0.00185,0.0,0.0,0.00112,0.0
Tistrella,0.03336,0.01854,0.02817,0.0315,0.03227,0.02711,0.02815,0.01492,0.01448,0.03523,0.01695,0.01387,0.03128,0.02265
Tolumonas,0.00209,0.00795,0.00297,0.01125,0.00982,0.00871,0.00804,0.00249,0.01448,0.00371,0.01453,0.29516,0.01452,0.01073
Tolypothrix,0.00209,0.0,0.00148,0.00075,0.0014,0.00097,0.0,0.0,0.0029,0.0,0.00061,0.0,0.00112,0.00358
Tomitella,0.01043,0.00662,0.02372,0.01725,0.01684,0.02808,0.00804,0.02114,0.00579,0.01112,0.01029,0.0117,0.01899,0.00596
Torulaspora,0.0,0.00132,0.0,0.0,0.0,0.0,0.0,0.0,0.0,0.0,0.00061,0.0,0.00112,0.0
Toxoplasma,0.00834,0.00265,0.0,0.00525,0.00281,0.00581,0.00402,0.00373,0.0,0.00185,0.00182,0.01647,0.0,0.00358
Trabulsiella,0.00209,0.0,0.00148,0.0,0.0,0.00097,0.0,0.00124,0.00869,0.0,0.0,0.00043,0.00782,0.00119
Treponema,0.00626,0.00662,0.01186,0.00675,0.01123,0.00581,0.01609,0.00622,0.00869,0.00556,0.00727,0.00347,0.0134,0.0155
Trichlorobacter,0.0417,0.11524,0.0089,0.0195,0.03508,0.01065,0.0362,0.02611,0.07239,0.04264,0.05813,0.02731,0.02681,0.10016
Trichococcus,0.0,0.00132,0.0,0.0045,0.00281,0.00097,0.0,0.00124,0.0,0.00371,0.04057,0.00173,0.00223,0.00238
Trichocoleus,0.0,0.00265,0.0,0.0,0.0014,0.00097,0.0,0.0,0.0,0.0,0.0,0.00043,0.00112,0.00358
Trichoderma,0.01043,0.00662,0.00741,0.00075,0.00561,0.0,0.0,0.00124,0.00579,0.00185,0.00242,0.00087,0.00335,0.00358
Trichomonas,0.0,0.0,0.00148,0.00225,0.0,0.00097,0.0,0.00124,0.0,0.0,0.00061,0.0026,0.00112,0.0
Trichormus,0.0,0.0,0.0,0.00075,0.0,0.00097,0.0,0.00124,0.0,0.0,0.0,0.0,0.0,0.0
Trichothermofontia,0.0,0.00265,0.0,0.0,0.0,0.0,0.00402,0.0,0.0,0.00185,0.0,0.0,0.0,0.00238
Trigintaduovirus,0.0,0.0,0.0,0.0,0.0,0.0,0.00402,0.00124,0.0,0.0,0.0,0.0,0.0,0.0
Trinickia,0.02919,0.02782,0.02669,0.0255,0.01965,0.03098,0.01609,0.0286,0.0666,0.02781,0.02543,0.01344,0.01117,0.02981
Triplejayvirus,0.0,0.0,0.0,0.0,0.0014,0.0,0.0,0.0,0.0,0.0,0.0,0.0,0.00112,0.0
Tritonibacter,0.01251,0.00795,0.01038,0.0135,0.00281,0.00871,0.00402,0.00497,0.00579,0.01298,0.01695,0.03511,0.01899,0.00715
Tritonvirus,0.0,0.0,0.0,0.0,0.0,0.0,0.0,0.0,0.0,0.0,0.0,0.00043,0.0,0.0
Tropheryma,0.00626,0.0,0.0,0.0,0.0,0.0,0.0,0.0,0.00579,0.0,0.00061,0.00043,0.00223,0.00119
Tropicibacter,0.00209,0.00927,0.00148,0.0045,0.00702,0.00678,0.00402,0.00497,0.0029,0.00371,0.02422,0.02601,0.00447,0.01908
Truepera,0.00626,0.00397,0.00445,0.003,0.00421,0.01065,0.00402,0.00497,0.0,0.00371,0.00666,0.00173,0.00447,0.00477
Trueperella,0.0146,0.00397,0.0341,0.012,0.00982,0.01452,0.0,0.0087,0.02317,0.00927,0.00727,0.01994,0.01452,0.01192
Trypanosoma,0.0,0.00265,0.00148,0.00075,0.0014,0.00194,0.0,0.0,0.0,0.0,0.00182,0.00173,0.0,0.00238
Tsukamurella,0.02919,0.04636,0.06228,0.04424,0.06455,0.07164,0.01207,0.05471,0.03185,0.03152,0.04541,0.04334,0.03351,0.04054
Tsuneonella,0.03545,0.03841,0.03855,0.10574,0.04771,0.02808,0.02413,0.03109,0.05792,0.0686,0.06358,0.13826,0.02346,0.07154
Tumebacillus,0.00209,0.00662,0.00741,0.006,0.00561,0.00968,0.00402,0.00249,0.0,0.00371,0.00424,0.00087,0.00447,0.00715
Tunicatimonas,0.0,0.0,0.00148,0.00075,0.00281,0.00097,0.0,0.00124,0.0029,0.0,0.00061,0.00043,0.00223,0.00119
Tupanvirus,0.0,0.0,0.0,0.0,0.0,0.0,0.0,0.0,0.0,0.0,0.0,0.0,0.0,0.00119
Turbidovirus,0.0,0.0,0.0,0.00225,0.0,0.0,0.0,0.0,0.0,0.0,0.00061,0.0,0.0,0.0
Turicibacter,0.0,0.00132,0.0,0.00075,0.0,0.00194,0.0,0.0,0.0029,0.0,0.00182,0.00693,0.00112,0.00238
Turicimonas,0.00417,0.00397,0.00148,0.0015,0.0,0.00097,0.0,0.00124,0.0029,0.00185,0.00242,0.00173,0.00112,0.0
Turneriella,0.00417,0.00132,0.00148,0.0015,0.00281,0.0,0.0,0.00373,0.00579,0.0,0.0,0.0013,0.00335,0.00119
Tuwongella,0.00417,0.01192,0.01631,0.00525,0.01263,0.01259,0.0,0.0087,0.01737,0.00742,0.00666,0.00087,0.0067,0.00715
Tyzzerella,0.0,0.0,0.0,0.0,0.0,0.0,0.0,0.0,0.0029,0.0,0.0,0.0013,0.00112,0.0
Umezawaea,0.01043,0.02119,0.02521,0.024,0.02386,0.05131,0.01207,0.02736,0.01158,0.02966,0.02301,0.01257,0.03686,0.01192
Undibacterium,0.02085,0.01987,0.01038,0.027,0.01684,0.01646,0.04022,0.02238,0.01158,0.00927,0.0218,0.0156,0.03686,0.02623
Urbifossiella,0.07715,0.08478,0.11418,0.04274,0.04631,0.0426,0.00402,0.0572,0.07819,0.07231,0.04118,0.0078,0.04357,0.0942
Ureaplasma,0.00209,0.0,0.00148,0.0,0.0,0.0,0.0,0.0,0.0,0.0,0.00182,0.0,0.00223,0.00119
Urechidicola,0.0,0.00397,0.0,0.00075,0.0,0.0,0.0,0.0,0.0,0.0,0.0,0.0013,0.0,0.0
Ureibacillus,0.0,0.0,0.00297,0.0,0.0,0.00097,0.0,0.00249,0.0029,0.00556,0.00061,0.0,0.00223,0.00238
Uruburuella,0.00209,0.00927,0.00741,0.00975,0.00421,0.0029,0.00402,0.00373,0.01448,0.00927,0.00666,0.01647,0.01564,0.00715
Usitatibacter,0.30862,0.18545,0.21945,0.3727,0.24557,0.14812,0.11261,0.51233,0.58495,0.55065,0.20225,0.07195,0.13181,0.33625
Ustilaginoidea,0.00209,0.00132,0.00297,0.0045,0.00281,0.00194,0.0,0.00124,0.0,0.00185,0.00121,0.00173,0.00223,0.00358
Ustilago,0.00209,0.0,0.0,0.0015,0.0014,0.00097,0.0,0.0,0.0029,0.00185,0.00061,0.00173,0.0,0.0
Vaginimicrobium,0.0,0.0,0.0,0.0,0.0,0.0,0.0,0.0,0.0,0.00185,0.0,0.00043,0.0,0.0
Vagococcus,0.00209,0.00265,0.00148,0.00075,0.0,0.0,0.0,0.00124,0.0,0.0,0.00424,0.0039,0.00335,0.00119
Vallitalea,0.0,0.00132,0.0,0.00075,0.0,0.0,0.0,0.0,0.0,0.0,0.00121,0.00087,0.00112,0.0
Vallotia,0.00626,0.00265,0.00148,0.003,0.00421,0.00194,0.0,0.00373,0.0029,0.00927,0.00182,0.00043,0.0067,0.00596
Varibaculum,0.0,0.0,0.00445,0.0015,0.0014,0.00194,0.0,0.00249,0.0,0.0,0.00061,0.0,0.0,0.0
Varicellovirus,0.0,0.0,0.0,0.00075,0.0,0.0,0.0,0.00124,0.0,0.0,0.00061,0.00043,0.00223,0.0
Variibacter,0.11469,0.16558,0.11862,0.09074,0.13892,0.11133,0.07239,0.15295,0.04923,0.06675,0.0436,0.01647,0.12623,0.11804
Variovorax,1.53891,1.56438,1.11358,1.85825,1.01595,0.78903,0.45447,1.36165,1.61585,1.9449,2.73822,1.30331,1.02547,1.76828
Varunaivibrio,0.00209,0.00795,0.00445,0.00825,0.00702,0.00678,0.00402,0.00746,0.0029,0.00185,0.00363,0.00173,0.01676,0.00477
Veillonella,0.00209,0.0,0.0,0.00075,0.0,0.0029,0.0,0.0,0.0029,0.0,0.0,0.0,0.00223,0.00119
Velamenicoccus,0.00209,0.00132,0.00445,0.0015,0.00702,0.0,0.0,0.00249,0.0,0.00185,0.00121,0.00087,0.00112,0.00238
Venatoribacter,0.00417,0.00132,0.0,0.00375,0.0014,0.0029,0.0,0.00622,0.01158,0.00371,0.00484,0.00173,0.00782,0.00238
Veracruzvirus,0.0,0.0,0.0,0.0,0.0,0.0,0.0,0.0,0.0,0.0,0.0,0.00043,0.0,0.0
Verminephrobacter,0.0417,0.05166,0.03855,0.07649,0.0421,0.03195,0.03218,0.02611,0.02317,0.05748,0.09749,0.06111,0.03686,0.0632
Verrucomicrobium,0.05005,0.02914,0.04004,0.04574,0.03368,0.0213,0.02413,0.02984,0.04633,0.03152,0.02785,0.00607,0.02569,0.04293
Vescimonas,0.00834,0.00265,0.00593,0.003,0.0,0.0029,0.01207,0.00124,0.01448,0.00742,0.00363,0.0143,0.01117,0.00715
Vespertiliibacter,0.0,0.0,0.0,0.0,0.0,0.0,0.0,0.0,0.0,0.0,0.00061,0.00043,0.0,0.0
Vibrio,0.05422,0.05299,0.05042,0.81439,0.05052,0.06196,0.08446,0.04974,0.04633,0.08714,0.08114,0.05548,0.2815,0.12878
Virgibacillus,0.0,0.0,0.00148,0.0015,0.0014,0.00097,0.0,0.00373,0.0,0.0,0.00121,0.0026,0.00782,0.00119
Viridibacillus,0.0,0.0,0.0,0.0,0.0,0.0,0.0,0.0,0.0,0.0,0.00061,0.00087,0.00112,0.0
Vitreoscilla,0.01043,0.02517,0.01483,0.027,0.04069,0.01549,0.05228,0.01741,0.06371,0.02596,0.05813,0.18074,0.05697,0.02981
Vogesella,0.03128,0.01854,0.00593,0.02925,0.02666,0.03001,0.02413,0.0199,0.01737,0.02596,0.02664,0.03034,0.04021,0.03339
Vulcanimicrobium,0.01043,0.00927,0.02076,0.009,0.01123,0.02324,0.00402,0.01244,0.0029,0.01669,0.00242,0.0013,0.01452,0.01669
Vulcanisaeta,0.0,0.00132,0.0,0.00075,0.0,0.0,0.0,0.0,0.0,0.00185,0.0,0.0,0.0,0.00238
Vulgatibacter,0.02919,0.02782,0.02817,0.01725,0.01965,0.01065,0.0362,0.0286,0.0666,0.05377,0.0224,0.01214,0.05585,0.05008
Waddlia,0.0,0.00132,0.00148,0.00075,0.0014,0.0,0.0,0.00249,0.0,0.0,0.0,0.0,0.0,0.0
Wansuia,0.00209,0.00132,0.0,0.00075,0.0014,0.0,0.0,0.0,0.0029,0.0,0.0,0.0,0.0,0.00119
Weeksella,0.0,0.00132,0.0,0.00375,0.0,0.0,0.0,0.0,0.0,0.0,0.0,0.00173,0.0,0.00119
Weissella,0.00209,0.0,0.0,0.00075,0.0014,0.0,0.0,0.00373,0.0,0.00185,0.00121,0.0,0.00223,0.0
Wenxinia,0.0,0.0,0.0,0.0,0.0,0.0,0.0,0.0,0.0,0.0,0.0,0.00087,0.00112,0.0
Wenyingzhuangia,0.0,0.0,0.0,0.00075,0.0,0.0,0.0,0.0,0.0,0.0,0.0,0.00173,0.0,0.0
Wenzhouxiangella,0.02711,0.01192,0.01928,0.0225,0.01544,0.02227,0.02815,0.02114,0.01737,0.01669,0.01272,0.0104,0.02122,0.02623
Westeberhardia,0.0,0.0,0.0,0.0,0.0,0.0,0.0,0.00124,0.0,0.00185,0.0,0.0,0.0,0.00358
Wielerella,0.0,0.0,0.0,0.00075,0.0,0.0,0.00402,0.00249,0.0,0.00371,0.00121,0.0,0.00335,0.00238
Wigglesworthia,0.0,0.0,0.0,0.0,0.0,0.0,0.0,0.0,0.0,0.0,0.0,0.0,0.00112,0.0
Williamsoniiplasma,0.0,0.0,0.0,0.0,0.0,0.00097,0.0,0.0,0.0,0.0,0.0,0.0,0.0,0.0
Winkia,0.0,0.0,0.0,0.0,0.0014,0.00097,0.0,0.0,0.0,0.0,0.0,0.00173,0.00112,0.0
Winogradskyella,0.0,0.0106,0.00445,0.00675,0.0014,0.00097,0.0,0.0,0.0029,0.0,0.00787,0.0117,0.0,0.00477
Winslowiella,0.0,0.00132,0.0,0.00075,0.0014,0.00097,0.0,0.0,0.0,0.0,0.0,0.00043,0.00223,0.00119
Wizardvirus,0.0,0.0,0.0,0.0,0.0,0.0,0.0,0.0,0.0,0.00185,0.0,0.0,0.0,0.0
Woeseia,0.00834,0.00795,0.0089,0.0105,0.01123,0.01162,0.00804,0.00746,0.00579,0.00556,0.00787,0.0039,0.01229,0.00477
Wohlfahrtiimonas,0.01668,0.0,0.0,0.0015,0.0,0.0,0.0,0.0,0.0,0.0,0.00061,0.00043,0.00782,0.0
Wolbachia,0.0,0.0,0.00297,0.0015,0.0,0.0029,0.00804,0.00373,0.00869,0.00185,0.00303,0.00347,0.00335,0.0
Woodruffvirus,0.0,0.0,0.0,0.0,0.0,0.0,0.0,0.0,0.0,0.0,0.0,0.0,0.0,0.00119
Xanthobacter,0.12929,0.13776,0.17497,0.13348,0.15436,0.14231,0.07642,0.13554,0.12741,0.10568,0.07145,0.06891,0.0983,0.1252
Xanthomonas,2.24164,0.20399,0.27877,0.32546,0.32836,0.25559,0.12468,0.27109,0.39383,0.39862,0.27733,1.61538,0.39544,0.39944
Xenorhabdus,0.0,0.0,0.0,0.0045,0.00421,0.00194,0.00804,0.00373,0.0,0.00371,0.00303,0.00433,0.01899,0.00835
Xiamenia,0.0,0.0053,0.0,0.0015,0.0014,0.00097,0.0,0.00249,0.00579,0.00185,0.00182,0.00087,0.00112,0.00596
Xianfuyuplasma,0.0,0.0,0.0,0.0,0.0,0.0,0.00402,0.0,0.0,0.0,0.0,0.0,0.0,0.0
Xiphinematobacter,0.00626,0.00662,0.00445,0.0075,0.00561,0.00387,0.00402,0.0087,0.0029,0.00371,0.00484,0.00087,0.00112,0.00954
Xooduovirus,0.0,0.0,0.0,0.00075,0.0,0.0,0.0,0.0,0.0,0.0,0.0,0.0,0.0,0.0
Xuquatrovirus,0.0,0.0,0.0,0.00075,0.0,0.0,0.0,0.0,0.0,0.0,0.0,0.0,0.0,0.0
Xylanibacter,0.00209,0.0,0.0,0.00075,0.0,0.0,0.00402,0.00124,0.0029,0.00185,0.0,0.0,0.0,0.0
Xylanimonas,0.05422,0.02384,0.06079,0.01875,0.02807,0.03969,0.01207,0.02984,0.04054,0.02966,0.04239,0.04854,0.02904,0.02027
Xylella,0.0,0.00265,0.00148,0.003,0.0,0.00097,0.00402,0.00622,0.0,0.00556,0.00363,0.00303,0.00223,0.00358
Xylophilus,0.04588,0.08478,0.05486,0.13198,0.03789,0.05034,0.04424,0.04477,0.09556,0.11866,0.13443,0.09015,0.08266,0.10612
Yangvirus,0.0,0.0,0.0,0.0,0.0,0.0,0.0,0.0,0.0,0.00185,0.0,0.0,0.0,0.0
Yarrowia,0.0,0.00132,0.00148,0.0,0.0014,0.0,0.0,0.00124,0.0,0.0,0.0,0.00087,0.0,0.0
Yersinia,0.0146,0.01192,0.01186,0.01725,0.01123,0.00484,0.00402,0.00995,0.00869,0.00927,0.01272,0.0117,0.04692,0.02027
Yimella,0.00417,0.0053,0.00741,0.00675,0.01263,0.01452,0.00402,0.00497,0.02317,0.00742,0.01029,0.01387,0.01229,0.00954
Yinghuangia,0.01043,0.01325,0.04152,0.04574,0.03929,0.02904,0.01207,0.03482,0.03765,0.05562,0.02119,0.0221,0.01117,0.02027
Yokenella,0.00209,0.00132,0.0,0.0015,0.0,0.0,0.0,0.0,0.0,0.0,0.00061,0.00173,0.0,0.00238
Yoloswagvirus,0.0,0.0,0.0,0.0,0.0,0.0,0.0,0.0,0.0,0.0,0.0,0.0,0.00112,0.0
Yoonia,0.00209,0.00265,0.00445,0.00675,0.00842,0.00194,0.0,0.00497,0.0,0.00185,0.02664,0.02731,0.00447,0.00954
Youhaiella,0.01877,0.01854,0.03114,0.02025,0.01824,0.01743,0.00804,0.0199,0.01737,0.01298,0.01817,0.0143,0.01676,0.01789
Yuavirus,0.0,0.0,0.0,0.0,0.0,0.0,0.0,0.0,0.0,0.0,0.0,0.00043,0.0,0.0
Zhaonella,0.0,0.0,0.0,0.0,0.0014,0.00097,0.0,0.00124,0.0029,0.00371,0.0,0.00043,0.00112,0.00119
Zhihengliuella,0.00834,0.00662,0.00593,0.0,0.00561,0.0,0.0,0.00622,0.01158,0.00742,0.01332,0.00824,0.00894,0.01431
Zhongshania,0.00209,0.00132,0.0,0.00225,0.0,0.00194,0.0,0.00124,0.0,0.0,0.00121,0.0,0.00559,0.00358
Zhouia,0.00209,0.0,0.0,0.0015,0.0,0.0,0.00402,0.0,0.0,0.0,0.0,0.00087,0.0,0.0
Zitchvirus,0.0,0.00132,0.0,0.0,0.0,0.0,0.0,0.0,0.0,0.0,0.0,0.0,0.0,0.0
Zobellella,0.01251,0.0053,0.00741,0.0075,0.00702,0.00871,0.00804,0.00249,0.01737,0.01112,0.00424,0.00737,0.01564,0.00715
Zobellia,0.0,0.00265,0.00148,0.00075,0.00281,0.0,0.0,0.0,0.0029,0.0,0.00121,0.00087,0.0,0.00119
Zophobihabitans,0.0,0.00265,0.0,0.0,0.0,0.00097,0.0,0.00124,0.0,0.0,0.00061,0.0013,0.00112,0.01192
Zunongwangia,0.0,0.0053,0.0,0.0,0.0,0.0,0.0,0.0,0.0,0.00185,0.00121,0.0039,0.00223,0.0
Zygosaccharomyces,0.0,0.0,0.0,0.0,0.0014,0.00097,0.0,0.0,0.0,0.00371,0.0,0.00043,0.0,0.0
Zygotorulaspora,0.0,0.0,0.0,0.0,0.0,0.0,0.0,0.0,0.0,0.0,0.00061,0.0,0.0,0.0
Zymobacter,0.0,0.0,0.0,0.00225,0.0014,0.0,0.00402,0.0,0.0,0.00371,0.00424,0.0013,0.00335,0.00477
Zymomonas,0.00209,0.00265,0.00297,0.00225,0.0014,0.00194,0.00804,0.00249,0.0,0.0,0.00303,0.0026,0.0,0.00119
Zymoseptoria,0.0,0.00265,0.00297,0.0,0.00281,0.0,0.0,0.0,0.0,0.0,0.00061,0.00217,0.0,0.00238
